Bats,xMLBAMID,Name,Team,Season,Age,AgeR,G,AB,PA,H,1B,2B,3B,HR,R,RBI,BB,IBB,SO,HBP,SF,SH,GDP,SB,CS,AVG,GB,FB,LD,IFFB,Pitches,Balls,Strikes,IFH,BU,BUH,BB%,K%,BB/K,OBP,SLG,OPS,ISO,BABIP,GB/FB,LD%,GB%,FB%,IFFB%,HR/FB,IFH%,BUH%,TTO%,wOBA,wRAA,wRC,Spd,wRC+,wBsR,Batting,Fielding,Replacement,Positional,wLeague,CFraming,Defense,Offense,RAR,WAR,Dollars,BaseRunning,Pull,Cent,Oppo,Soft,Med,Hard,bipCount,Pull%,Cent%,Oppo%,Soft%,Med%,Hard%,Q,TPA,Pos,PlayerNameRoute,PlayerName,positionDB,position,playerid,TeamName,TeamNameAbb,teamid,playerTeamId
R,518595,"<a href=""statss.aspx?playerid=7739&position=C"">Travis d'Arnaud</a>","<a href=""leaders.aspx?pos=all&stats=bat&lg=all&qual=0&type=strType&season=2026&month=13&season1=2026&ind=0&team=1&rost=0&age=0"">LAA</a>",2026,29.0,24 - 37,134.0,199.0,243.0,47.0,32.0,6.0,0.0,9.0,35.0,35.0,30.0,2.0,57.0,7.0,3.0,3.0,5.0,0.0,1.0,0.236180904,62.0,59.0,24.0,3.0,962.0,354.0,608.0,6.0,3.0,0.0,0.12345679,0.234567901,0.526315789,0.351464435,0.40201005,0.753474485,0.165829146,0.279411764,1.050847457,0.165517241,0.427586206,0.406896551,0.050847457,0.152542372,0.096774193,0.0,0.39506173,0.3405967553456624,4.329211990976795,32.709414723957046,2.2182777597649626,115.50244892180892,-0.8451043758541346,,,,,,,,,,,,,62.0,44.0,42.0,26.0,82.0,40.0,149.0,0.41891892,0.2972973,0.28378378,0.17567568,0.55405405,0.27027027,10.56521739,243.0,0.09638554,Travis d'Arnaud,Travis d'Arnaud,C,C,7739,LAA,LAA,1,1
R,641933,"<a href=""statss.aspx?playerid=15711&position=OF"">Tyler O'Neill</a>","<a href=""leaders.aspx?pos=all&stats=bat&lg=all&qual=0&type=strType&season=2026&month=13&season1=2026&ind=0&team=2&rost=0&age=0"">BAL</a>",2026,27.0,21 - 32,123.0,155.0,187.0,37.0,25.0,8.0,0.0,4.0,22.0,21.0,24.0,0.0,48.0,3.0,3.0,2.0,3.0,6.0,1.0,0.238709677,41.0,49.0,20.0,5.0,744.0,290.0,454.0,2.0,2.0,0.0,0.128342245,0.256684491,0.5,0.345945945,0.367741935,0.71368788,0.129032258,0.311320754,0.836734693,0.181818181,0.372727272,0.445454545,0.102040816,0.081632653,0.048780487,0.0,0.40641711,0.3277616810154271,1.5245941432985706,23.364503242340984,4.475104788700812,109.77146729568115,0.45273566991090775,,,,,,,,,,,,,46.0,40.0,26.0,14.0,59.0,39.0,112.0,0.41071429,0.35714286,0.23214286,0.125,0.52678571,0.34821429,8.5,187.0,0.10666667,Tyler O'Neill,Tyler O'Neill,OF,OF,15711,BAL,BAL,2,2
R,575929,"<a href=""statss.aspx?playerid=11609&position=C"">Willson Contreras</a>","<a href=""leaders.aspx?pos=all&stats=bat&lg=all&qual=0&type=strType&season=2026&month=13&season1=2026&ind=0&team=3&rost=0&age=0"">BOS</a>",2026,28.0,22 - 34,117.0,172.0,192.0,36.0,22.0,11.0,0.0,3.0,20.0,19.0,16.0,0.0,42.0,3.0,1.0,0.0,4.0,3.0,0.0,0.209302325,66.0,46.0,18.0,3.0,753.0,278.0,475.0,5.0,1.0,1.0,0.083333333,0.21875,0.38095238,0.286458333,0.325581395,0.612039728,0.11627907,0.2578125,1.434782608,0.138461538,0.507692307,0.353846153,0.065217391,0.065217391,0.075757575,1.0,0.31770833,0.2812899053096771,-5.55252465195589,16.871339235830977,4.325478093395757,72.42349557609505,0.33257059939205647,,,,,,,,,,,,,54.0,48.0,29.0,19.0,69.0,43.0,131.0,0.41221374,0.36641221,0.22137405,0.14503817,0.52671756,0.32824427,9.14285714,192.0,0.10344828,Willson Contreras,Willson Contreras,C,C,11609,BOS,BOS,3,3
L,624512,"<a href=""statss.aspx?playerid=15674&position=C"">Reese McGuire</a>","<a href=""leaders.aspx?pos=all&stats=bat&lg=all&qual=0&type=strType&season=2026&month=13&season1=2026&ind=0&team=4&rost=0&age=0"">CHW</a>",2026,26.0,23 - 31,118.0,202.0,230.0,46.0,23.0,11.0,1.0,11.0,26.0,24.0,21.0,1.0,61.0,4.0,2.0,0.0,3.0,5.0,1.0,0.227722772,53.0,59.0,29.0,5.0,853.0,308.0,545.0,4.0,2.0,1.0,0.091304347,0.265217391,0.344262295,0.310043668,0.455445544,0.765489212,0.227722772,0.265151515,0.898305084,0.205673758,0.375886524,0.418439716,0.084745762,0.186440677,0.075471698,0.5,0.40434783,0.3375104969007927,3.4077292297578143,30.26964951200249,4.909211334093036,114.56925880947959,0.28534900955855846,,,,,,,,,,,,,71.0,48.0,24.0,23.0,74.0,46.0,144.0,0.4965035,0.33566434,0.16783217,0.16083916,0.51748252,0.32167832,10.45454545,230.0,0.1106383,Reese McGuire,Reese McGuire,C,C,15674,CHW,CHW,4,4
R,595978,"<a href=""statss.aspx?playerid=12976&position=C"">Austin Hedges</a>","<a href=""leaders.aspx?pos=all&stats=bat&lg=all&qual=0&type=strType&season=2026&month=13&season1=2026&ind=0&team=5&rost=0&age=0"">CLE</a>",2026,27.0,24 - 33,138.0,227.0,253.0,57.0,36.0,13.0,0.0,8.0,32.0,32.0,23.0,1.0,45.0,1.0,2.0,0.0,5.0,6.0,1.0,0.251101321,63.0,80.0,39.0,10.0,1025.0,364.0,661.0,5.0,2.0,1.0,0.09090909,0.177865612,0.511111111,0.320158102,0.414096916,0.734255018,0.162995595,0.27840909,0.7875,0.214285714,0.346153846,0.439560439,0.125,0.1,0.079365079,0.5,0.30039526,0.32765760213609724,2.0002912303019356,31.548403540771087,4.338645260804221,109.84721055621999,0.4070769902318716,,,,,,,,,,,,,84.0,57.0,43.0,33.0,94.0,57.0,184.0,0.45652174,0.30978261,0.23369565,0.17934783,0.51086957,0.30978261,11.0,253.0,0.10548523,Austin Hedges,Austin Hedges,C,C,12976,CLE,CLE,5,5
R,595879,"<a href=""statss.aspx?playerid=12979&position=SS"">Javier Baez</a>","<a href=""leaders.aspx?pos=all&stats=bat&lg=all&qual=0&type=strType&season=2026&month=13&season1=2026&ind=0&team=6&rost=0&age=0"">DET</a>",2026,27.0,21 - 33,108.0,155.0,178.0,32.0,21.0,9.0,0.0,2.0,19.0,19.0,20.0,0.0,35.0,2.0,1.0,0.0,4.0,0.0,2.0,0.206451612,51.0,41.0,29.0,1.0,697.0,283.0,414.0,3.0,0.0,0.0,0.11235955,0.196629213,0.571428571,0.303370786,0.303225806,0.606596592,0.096774194,0.25210084,1.243902439,0.239669421,0.421487603,0.338842975,0.024390243,0.048780487,0.058823529,0.0,0.32022472,0.2837882899166493,-4.798906086985786,15.989884392316622,2.28879660831276,78.2969476215857,-1.0966459158807993,,,,,,,,,,,,,50.0,47.0,24.0,25.0,60.0,36.0,121.0,0.41322314,0.38842975,0.19834711,0.20661157,0.49586777,0.29752066,8.09090909,178.0,0.11914894,Javier Baez,Javier Báez,SS,SS,12979,DET,DET,6,6
R,521692,"<a href=""statss.aspx?playerid=7304&position=C"">Salvador Perez</a>","<a href=""leaders.aspx?pos=all&stats=bat&lg=all&qual=0&type=strType&season=2026&month=13&season1=2026&ind=0&team=7&rost=0&age=0"">KCR</a>",2026,29.0,22 - 37,144.0,225.0,251.0,47.0,34.0,9.0,0.0,4.0,22.0,18.0,21.0,3.0,63.0,4.0,0.0,1.0,5.0,7.0,1.0,0.208888888,75.0,60.0,27.0,8.0,989.0,357.0,632.0,9.0,1.0,0.0,0.083665338,0.250996015,0.333333333,0.288,0.302222222,0.590222222,0.093333334,0.272151898,1.25,0.166666666,0.462962962,0.37037037,0.133333333,0.066666666,0.12,0.0,0.35059761,0.2695229526473443,-9.4290005109615,19.88552988400987,4.271781582009666,66.2636501254677,0.6266449987888336,,,,,,,,,,,,,65.0,62.0,36.0,36.0,70.0,57.0,163.0,0.39877301,0.3803681,0.2208589,0.2208589,0.42944785,0.34969325,11.40909091,251.0,0.10729614,Salvador Perez,Salvador Perez,C,C,7304,KCR,KCR,7,7
B,605137,"<a href=""statss.aspx?playerid=13145&position=1B"">Josh Bell</a>","<a href=""leaders.aspx?pos=all&stats=bat&lg=all&qual=0&type=strType&season=2026&month=13&season1=2026&ind=0&team=8&rost=0&age=0"">MIN</a>",2026,29.0,23 - 33,153.0,335.0,395.0,77.0,51.0,16.0,1.0,9.0,55.0,52.0,48.0,0.0,82.0,10.0,1.0,1.0,6.0,8.0,4.0,0.229850746,87.0,109.0,57.0,8.0,1537.0,612.0,925.0,6.0,2.0,0.0,0.121518987,0.207594936,0.585365853,0.342639593,0.364179104,0.706818697,0.134328358,0.27755102,0.798165137,0.225296442,0.343873517,0.430830039,0.073394495,0.082568807,0.068965517,0.0,0.35189873,0.3271047488081879,2.6941253841802553,48.82655369499177,4.84987063916692,106.55193972266916,-0.7433131840080023,,,,,,,,,,,,,110.0,92.0,53.0,37.0,133.0,85.0,255.0,0.43137255,0.36078431,0.20784314,0.14509804,0.52156863,0.33333333,17.95454545,395.0,0.10222222,Josh Bell,Josh Bell,1B,1B,13145,MIN,MIN,8,8
R,519317,"<a href=""statss.aspx?playerid=4949&position=DH/OF"">Giancarlo Stanton</a>","<a href=""leaders.aspx?pos=all&stats=bat&lg=all&qual=0&type=strType&season=2026&month=13&season1=2026&ind=0&team=9&rost=0&age=0"">NYY</a>",2026,31.0,26 - 38,118.0,211.0,244.0,39.0,20.0,6.0,1.0,12.0,26.0,26.0,29.0,0.0,62.0,1.0,3.0,0.0,1.0,8.0,0.0,0.184834123,54.0,73.0,23.0,12.0,1003.0,389.0,614.0,4.0,2.0,0.0,0.118852459,0.25409836,0.467741935,0.282786885,0.393364928,0.676151813,0.208530805,0.192857142,0.739726027,0.153333333,0.36,0.486666666,0.164383561,0.164383561,0.074074074,0.0,0.42213115,0.30347568627263677,-2.8111574172752527,25.68583627345389,5.630728721048997,92.38805859650876,1.2738665975630283,,,,,,,,,,,,,64.0,57.0,31.0,33.0,67.0,52.0,152.0,0.42105263,0.375,0.20394737,0.21710526,0.44078947,0.34210526,11.09090909,244.0,0.11688312,Giancarlo Stanton,Giancarlo Stanton,DH/OF,DH/OF,4949,NYY,NYY,9,9
R,642851,"<a href=""statss.aspx?playerid=15271&position=C"">Austin Wynns</a>","<a href=""leaders.aspx?pos=all&stats=bat&lg=all&qual=0&type=strType&season=2026&month=13&season1=2026&ind=0&team=10&rost=0&age=0"">ATH</a>",2026,28.0,23 - 35,139.0,224.0,251.0,44.0,28.0,9.0,3.0,4.0,25.0,25.0,24.0,1.0,67.0,0.0,0.0,3.0,4.0,6.0,0.0,0.196428571,66.0,64.0,26.0,8.0,995.0,358.0,637.0,7.0,4.0,1.0,0.095617529,0.26693227,0.358208955,0.274193548,0.316964285,0.591157833,0.120535714,0.261437908,1.03125,0.166666666,0.423076923,0.41025641,0.125,0.0625,0.106060606,0.25,0.37848606,0.2696927824483709,-9.755714863131278,19.558815531840093,6.9518435578573,65.11155231209084,0.8673439230769873,,,,,,,,,,,,,60.0,55.0,45.0,28.0,73.0,59.0,160.0,0.375,0.34375,0.28125,0.175,0.45625,0.36875,11.40909091,251.0,0.09663866,Austin Wynns,Austin Wynns,C,C,15271,ATH,ATH,10,10
R,621550,"<a href=""statss.aspx?playerid=13602&position=3B"">Patrick Wisdom</a>","<a href=""leaders.aspx?pos=all&stats=bat&lg=all&qual=0&type=strType&season=2026&month=13&season1=2026&ind=0&team=11&rost=0&age=0"">SEA</a>",2026,30.0,22 - 35,121.0,205.0,232.0,37.0,28.0,3.0,1.0,5.0,17.0,16.0,24.0,1.0,59.0,2.0,1.0,0.0,3.0,3.0,1.0,0.180487804,64.0,58.0,25.0,13.0,958.0,349.0,609.0,3.0,0.0,0.0,0.103448275,0.254310344,0.406779661,0.271551724,0.27804878,0.549600504,0.097560976,0.225352112,1.103448275,0.170068027,0.435374149,0.394557823,0.224137931,0.086206896,0.046875,0.0,0.37931034,0.2562627364030648,-11.236494511971667,15.859007685770797,3.8062134220110684,65.9064432295944,-0.15378700755536556,,,,,,,,,,,,,65.0,53.0,29.0,36.0,79.0,32.0,147.0,0.44217687,0.36054422,0.19727891,0.24489796,0.53741497,0.21768707,10.08695652,232.0,0.1460177,Patrick Wisdom,Patrick Wisdom,3B,3B,13602,SEA,SEA,11,11
R,650490,"<a href=""statss.aspx?playerid=16578&position=1B/3B/DH"">Yandy Diaz</a>","<a href=""leaders.aspx?pos=all&stats=bat&lg=all&qual=0&type=strType&season=2026&month=13&season1=2026&ind=0&team=12&rost=0&age=0"">TBR</a>",2026,28.0,22 - 34,152.0,224.0,256.0,58.0,43.0,10.0,1.0,4.0,29.0,28.0,20.0,0.0,50.0,4.0,2.0,6.0,5.0,8.0,4.0,0.258928571,76.0,56.0,41.0,8.0,956.0,336.0,620.0,2.0,9.0,1.0,0.078125,0.1953125,0.4,0.328,0.366071428,0.694071428,0.107142857,0.313953488,1.357142857,0.236994219,0.439306358,0.323699421,0.142857142,0.071428571,0.026315789,0.111111111,0.2890625,0.3162941761016846,-0.5695175310437366,29.328967652672084,5.141271104822493,98.98431314376055,-0.46936110593378544,,,,,,,,,,,,,61.0,75.0,46.0,27.0,100.0,55.0,182.0,0.33516484,0.41208791,0.25274725,0.14835165,0.54945055,0.3021978,12.19047619,256.0,0.10222222,Yandy Diaz,Yandy Díaz,1B/3B/DH,1B/3B/DH,16578,TBR,TBR,12,12
R,543309,"<a href=""statss.aspx?playerid=5517&position=C"">Kyle Higashioka</a>","<a href=""leaders.aspx?pos=all&stats=bat&lg=all&qual=0&type=strType&season=2026&month=13&season1=2026&ind=0&team=13&rost=0&age=0"">TEX</a>",2026,31.0,23 - 39,122.0,189.0,208.0,37.0,25.0,8.0,1.0,3.0,17.0,17.0,18.0,0.0,64.0,0.0,1.0,0.0,3.0,3.0,1.0,0.195767195,55.0,45.0,25.0,7.0,836.0,319.0,517.0,0.0,1.0,0.0,0.086538461,0.307692307,0.28125,0.264423076,0.296296296,0.560719372,0.100529101,0.276422764,1.222222222,0.2,0.44,0.36,0.155555555,0.066666666,0.0,0.0,0.40865385,0.2581195613512626,-9.79467080243659,14.497848409332516,4.5401213315574775,61.88434677842307,-0.08856032229959965,,,,,,,,,,,,,41.0,49.0,36.0,22.0,76.0,28.0,126.0,0.32539683,0.38888889,0.28571429,0.17460317,0.6031746,0.22222222,9.45454545,208.0,0.14347826,Kyle Higashioka,Kyle Higashioka,C,C,5517,TEX,TEX,13,13
R,543807,"<a href=""statss.aspx?playerid=12856&position=OF"">George Springer</a>","<a href=""leaders.aspx?pos=all&stats=bat&lg=all&qual=0&type=strType&season=2026&month=13&season1=2026&ind=0&team=14&rost=0&age=0"">TOR</a>",2026,29.0,25 - 36,98.0,145.0,167.0,38.0,31.0,5.0,0.0,2.0,13.0,13.0,19.0,0.0,20.0,2.0,0.0,1.0,4.0,2.0,0.0,0.262068965,56.0,41.0,27.0,6.0,632.0,238.0,394.0,3.0,2.0,1.0,0.113772455,0.119760479,0.95,0.355421686,0.337931034,0.69335272,0.075862069,0.292682926,1.365853658,0.217741935,0.451612903,0.330645161,0.146341463,0.048780487,0.053571428,0.5,0.24550898,0.32358632102070084,0.6357866117281673,20.13987655579279,2.9294081296618946,106.46024557617501,0.06082124263048172,,,,,,,,,,,,,53.0,38.0,35.0,26.0,64.0,36.0,126.0,0.42063492,0.3015873,0.27777778,0.20634921,0.50793651,0.28571429,7.95238095,167.0,0.10683761,George Springer,George Springer,OF,OF,12856,TOR,TOR,14,14
B,467793,"<a href=""statss.aspx?playerid=2396&position=1B"">Carlos Santana</a>","<a href=""leaders.aspx?pos=all&stats=bat&lg=all&qual=0&type=strType&season=2026&month=13&season1=2026&ind=0&team=15&rost=0&age=0"">ARI</a>",2026,29.0,22 - 40,110.0,222.0,245.0,63.0,42.0,13.0,3.0,5.0,35.0,35.0,14.0,0.0,46.0,2.0,3.0,3.0,6.0,5.0,0.0,0.283783783,67.0,60.0,45.0,7.0,923.0,325.0,598.0,3.0,10.0,4.0,0.057142857,0.187755102,0.304347826,0.327800829,0.436936936,0.764737765,0.153153153,0.333333333,1.116666666,0.261627906,0.389534883,0.348837209,0.116666666,0.083333333,0.044776119,0.4,0.26530612,0.3388751206061652,4.003918613446485,32.61770326192451,7.00709858320242,111.84776879345895,0.6216852404177189,,,,,,,,,,,,,77.0,70.0,35.0,27.0,91.0,64.0,183.0,0.42307692,0.38461538,0.19230769,0.14835165,0.5,0.35164835,11.13636364,245.0,0.10599078,Carlos Santana,Carlos Santana,1B,1B,2396,ARI,ARI,15,15
L,621566,"<a href=""statss.aspx?playerid=14344&position=1B"">Matt Olson</a>","<a href=""leaders.aspx?pos=all&stats=bat&lg=all&qual=0&type=strType&season=2026&month=13&season1=2026&ind=0&team=16&rost=0&age=0"">ATL</a>",2026,30.0,25 - 35,131.0,255.0,285.0,70.0,43.0,20.0,1.0,6.0,40.0,38.0,25.0,0.0,56.0,3.0,2.0,0.0,3.0,3.0,2.0,0.274509803,90.0,77.0,34.0,11.0,1078.0,394.0,684.0,8.0,0.0,0.0,0.087719298,0.196491228,0.446428571,0.343859649,0.431372549,0.775232198,0.156862746,0.328205128,1.168831168,0.169154228,0.447761194,0.383084577,0.142857142,0.077922077,0.088888888,0.0,0.30526316,0.3472890640559949,6.508731742408094,39.79415470084172,4.138737640205059,118.0584201010866,-0.6792806256562471,,,,,,,,,,,,,78.0,71.0,52.0,45.0,98.0,58.0,201.0,0.3880597,0.35323383,0.25870647,0.2238806,0.48756219,0.28855721,12.95454545,285.0,0.11627907,Matt Olson,Matt Olson,1B,1B,14344,ATL,ATL,16,16
R,608348,"<a href=""statss.aspx?playerid=13620&position=C"">Carson Kelly</a>","<a href=""leaders.aspx?pos=all&stats=bat&lg=all&qual=0&type=strType&season=2026&month=13&season1=2026&ind=0&team=17&rost=0&age=0"">CHC</a>",2026,28.0,22 - 32,139.0,241.0,277.0,64.0,40.0,14.0,1.0,9.0,42.0,39.0,31.0,0.0,65.0,2.0,3.0,0.0,3.0,5.0,2.0,0.265560165,84.0,60.0,34.0,7.0,1094.0,422.0,672.0,5.0,1.0,1.0,0.111913357,0.234657039,0.476923076,0.350180505,0.443983402,0.794163907,0.178423237,0.323529411,1.4,0.191011235,0.471910112,0.337078651,0.116666666,0.15,0.059523809,1.0,0.37906137,0.3550372033342988,8.00912437879315,40.360219675235655,5.014874090037003,125.43398065353324,-0.29232595674693584,,,,,,,,,,,,,76.0,62.0,41.0,28.0,92.0,59.0,179.0,0.42458101,0.34636872,0.22905028,0.15642458,0.51396648,0.32960894,13.19047619,277.0,0.16176471,Carson Kelly,Carson Kelly,C,C,13620,CHC,CHC,17,17
R,553993,"<a href=""statss.aspx?playerid=12552&position=3B"">Eugenio Suarez</a>","<a href=""leaders.aspx?pos=all&stats=bat&lg=all&qual=0&type=strType&season=2026&month=13&season1=2026&ind=0&team=18&rost=0&age=0"">CIN</a>",2026,28.0,22 - 34,118.0,174.0,195.0,34.0,21.0,4.0,0.0,9.0,16.0,16.0,19.0,1.0,53.0,2.0,0.0,0.0,4.0,3.0,2.0,0.195402298,43.0,49.0,27.0,4.0,755.0,287.0,468.0,2.0,2.0,1.0,0.097435897,0.271794871,0.358490566,0.282051282,0.373563218,0.6556145,0.17816092,0.223214285,0.87755102,0.226890756,0.361344537,0.411764705,0.081632653,0.183673469,0.046511627,0.5,0.41538462,0.2957408403612904,-3.2284749063706695,19.545761854662867,2.3639676248268615,81.64526905125075,-0.4836005698889494,,,,,,,,,,,,,47.0,34.0,40.0,15.0,64.0,42.0,121.0,0.38842975,0.28099174,0.33057851,0.12396694,0.52892562,0.34710744,8.86363636,195.0,0.09375,Eugenio Suarez,Eugenio Suárez,3B,3B,12552,CIN,CIN,18,18
B,650489,"<a href=""statss.aspx?playerid=17338&position=2B/OF"">Willi Castro</a>","<a href=""leaders.aspx?pos=all&stats=bat&lg=all&qual=0&type=strType&season=2026&month=13&season1=2026&ind=0&team=19&rost=0&age=0"">COL</a>",2026,27.0,23 - 32,108.0,134.0,146.0,33.0,26.0,4.0,1.0,2.0,16.0,16.0,9.0,1.0,46.0,2.0,0.0,1.0,1.0,2.0,3.0,0.246268656,37.0,29.0,22.0,3.0,562.0,185.0,377.0,2.0,1.0,0.0,0.061643835,0.315068493,0.195652173,0.303448275,0.335820895,0.63926917,0.089552239,0.360465116,1.275862068,0.25,0.420454545,0.329545454,0.103448275,0.068965517,0.054054054,0.0,0.39041096,0.28976649542649585,-3.284014564652543,13.767465266685385,4.448673461888916,68.23036340456572,-1.0590728148818016,,,,,,,,,,,,,34.0,31.0,24.0,18.0,44.0,27.0,89.0,0.38202247,0.34831461,0.26966292,0.20224719,0.49438202,0.30337079,6.63636364,146.0,0.09774436,Willi Castro,Willi Castro,2B/OF,2B/OF,17338,COL,COL,19,19
R,596103,"<a href=""statss.aspx?playerid=16153&position=OF"">Austin Slater</a>","<a href=""leaders.aspx?pos=all&stats=bat&lg=all&qual=0&type=strType&season=2026&month=13&season1=2026&ind=0&team=20&rost=0&age=0"">MIA</a>",2026,26.0,23 - 33,142.0,225.0,260.0,53.0,37.0,9.0,5.0,2.0,28.0,28.0,25.0,1.0,53.0,5.0,3.0,2.0,3.0,11.0,2.0,0.235555555,80.0,68.0,26.0,4.0,1016.0,394.0,622.0,9.0,3.0,1.0,0.096153846,0.203846153,0.471698113,0.321705426,0.346666666,0.668372092,0.111111111,0.294797687,1.176470588,0.149425287,0.459770114,0.390804597,0.058823529,0.029411764,0.1125,0.333333333,0.30769231,0.3044693238076533,-2.7491861045763515,27.61646291013503,7.484293406548657,88.75368894122076,0.9533327408134937,,,,,,,,,,,,,70.0,70.0,37.0,26.0,94.0,57.0,177.0,0.39548023,0.39548023,0.20903955,0.14689266,0.53107345,0.3220339,11.81818182,260.0,0.10822511,Austin Slater,Austin Slater,OF,OF,16153,MIA,MIA,20,20
R,514888,"<a href=""statss.aspx?playerid=5417&position=2B"">Jose Altuve</a>","<a href=""leaders.aspx?pos=all&stats=bat&lg=all&qual=0&type=strType&season=2026&month=13&season1=2026&ind=0&team=21&rost=0&age=0"">HOU</a>",2026,29.0,23 - 36,132.0,233.0,269.0,59.0,34.0,14.0,1.0,10.0,35.0,33.0,25.0,3.0,53.0,6.0,4.0,1.0,5.0,4.0,1.0,0.253218884,70.0,77.0,37.0,9.0,1072.0,408.0,664.0,4.0,1.0,0.0,0.092936802,0.197026022,0.471698113,0.335820895,0.450643776,0.786464671,0.197424892,0.281609195,0.909090909,0.201086956,0.380434782,0.41847826,0.116883116,0.129870129,0.057142857,0.0,0.32713755,0.3456250514624254,6.183608495276594,37.60037612972798,4.81001143078788,121.92247234877944,-0.012491021305322647,,,,,,,,,,,,,75.0,71.0,39.0,30.0,89.0,66.0,185.0,0.40540541,0.38378378,0.21081081,0.16216216,0.48108108,0.35675676,11.69565217,269.0,0.09960159,Jose Altuve,Jose Altuve,2B,2B,5417,HOU,HOU,21,21
L,518692,"<a href=""statss.aspx?playerid=5361&position=1B"">Freddie Freeman</a>","<a href=""leaders.aspx?pos=all&stats=bat&lg=all&qual=0&type=strType&season=2026&month=13&season1=2026&ind=0&team=22&rost=0&age=0"">LAD</a>",2026,31.0,24 - 37,112.0,170.0,201.0,47.0,30.0,9.0,0.0,8.0,21.0,20.0,25.0,1.0,47.0,4.0,1.0,1.0,8.0,1.0,0.0,0.276470588,56.0,40.0,27.0,4.0,823.0,324.0,499.0,4.0,2.0,1.0,0.124378109,0.233830845,0.531914893,0.38,0.470588235,0.850588235,0.194117647,0.336206896,1.4,0.219512195,0.455284552,0.325203252,0.1,0.2,0.071428571,0.5,0.39800995,0.37996643032859917,9.550647900732892,33.02563040825976,2.123113041301207,140.00020133304434,-0.17831477150321007,,,,,,,,,,,,,57.0,45.0,23.0,10.0,66.0,49.0,125.0,0.456,0.36,0.184,0.08,0.528,0.392,9.57142857,201.0,0.10047847,Freddie Freeman,Freddie Freeman,1B,1B,5361,LAD,LAD,22,22
R,596142,"<a href=""statss.aspx?playerid=11442&position=C"">Gary Sanchez</a>","<a href=""leaders.aspx?pos=all&stats=bat&lg=all&qual=0&type=strType&season=2026&month=13&season1=2026&ind=0&team=23&rost=0&age=0"">MIL</a>",2026,28.0,23 - 34,138.0,211.0,251.0,42.0,32.0,6.0,1.0,3.0,26.0,25.0,33.0,2.0,60.0,2.0,1.0,4.0,4.0,7.0,3.0,0.199052132,81.0,44.0,24.0,2.0,1015.0,391.0,624.0,5.0,7.0,2.0,0.131474103,0.239043824,0.55,0.31174089,0.279620853,0.591361743,0.080568721,0.261744966,1.84090909,0.161073825,0.543624161,0.295302013,0.045454545,0.068181818,0.061728395,0.285714285,0.38247012,0.27819192798770204,-7.706281150355164,21.60824924461621,4.964957540086965,74.34972931724914,-0.24823018722236156,,,,,,,,,,,,,64.0,55.0,37.0,31.0,81.0,44.0,156.0,0.41025641,0.3525641,0.23717949,0.19871795,0.51923077,0.28205128,11.95238095,251.0,0.10822511,Gary Sanchez,Gary Sánchez,C,C,11442,MIL,MIL,23,23
B,660688,"<a href=""statss.aspx?playerid=19610&position=C"">Keibert Ruiz</a>","<a href=""leaders.aspx?pos=all&stats=bat&lg=all&qual=0&type=strType&season=2026&month=13&season1=2026&ind=0&team=24&rost=0&age=0"">WSN</a>",2026,25.0,23 - 28,155.0,232.0,260.0,68.0,44.0,16.0,1.0,7.0,36.0,33.0,23.0,0.0,63.0,3.0,0.0,2.0,3.0,8.0,2.0,0.293103448,60.0,68.0,39.0,5.0,989.0,347.0,642.0,8.0,4.0,2.0,0.088461538,0.242307692,0.365079365,0.364341085,0.461206896,0.825547981,0.168103448,0.376543209,0.882352941,0.233532934,0.359281437,0.407185628,0.073529411,0.102941176,0.133333333,0.5,0.35769231,0.36981519294339554,10.671404365528982,41.03705338024035,5.480276259348067,133.71137908315788,0.32724205777049065,,,,,,,,,,,,,66.0,56.0,49.0,24.0,86.0,61.0,171.0,0.38596491,0.32748538,0.28654971,0.14035088,0.50292398,0.35672515,11.81818182,260.0,0.11538462,Keibert Ruiz,Keibert Ruiz,C,C,19610,WSN,WSN,24,24
R,502054,"<a href=""statss.aspx?playerid=2967&position=OF"">Tommy Pham</a>","<a href=""leaders.aspx?pos=all&stats=bat&lg=all&qual=0&type=strType&season=2026&month=13&season1=2026&ind=0&team=25&rost=0&age=0"">NYM</a>",2026,29.0,23 - 38,121.0,195.0,214.0,41.0,28.0,6.0,0.0,7.0,23.0,22.0,17.0,0.0,48.0,1.0,0.0,1.0,3.0,6.0,0.0,0.21025641,57.0,59.0,31.0,2.0,837.0,294.0,543.0,5.0,1.0,0.0,0.079439252,0.224299065,0.354166666,0.276995305,0.348717948,0.625713253,0.138461538,0.242857142,0.966101694,0.210884353,0.387755102,0.401360544,0.033898305,0.118644067,0.087719298,0.0,0.3364486,0.28470624388663424,-5.598531982598178,19.394732975664265,4.800340719794956,80.41766538829584,0.8999572657048702,,,,,,,,,,,,,50.0,58.0,40.0,25.0,73.0,50.0,148.0,0.33783784,0.39189189,0.27027027,0.16891892,0.49324324,0.33783784,9.72727273,214.0,0.09767442,Tommy Pham,Tommy Pham,OF,OF,2967,NYM,NYM,25,25
L,547180,"<a href=""statss.aspx?playerid=11579&position=OF"">Bryce Harper</a>","<a href=""leaders.aspx?pos=all&stats=bat&lg=all&qual=0&type=strType&season=2026&month=13&season1=2026&ind=0&team=26&rost=0&age=0"">PHI</a>",2026,30.0,22 - 35,131.0,240.0,271.0,43.0,30.0,7.0,1.0,5.0,16.0,15.0,25.0,0.0,64.0,6.0,0.0,0.0,4.0,2.0,1.0,0.179166666,70.0,74.0,31.0,8.0,1105.0,395.0,710.0,5.0,1.0,0.0,0.092250922,0.236162361,0.390625,0.27306273,0.279166666,0.552229396,0.1,0.222222222,0.945945945,0.177142857,0.4,0.422857142,0.108108108,0.067567567,0.071428571,0.0,0.34686347,0.2603286724688822,-12.291844918911234,19.35850463103793,3.022853529979232,59.099188296106135,-0.40596835874021053,,,,,,,,,,,,,67.0,64.0,45.0,26.0,102.0,48.0,176.0,0.38068182,0.36363636,0.25568182,0.14772727,0.57954545,0.27272727,12.9047619,271.0,0.10194175,Bryce Harper,Bryce Harper,OF,OF,11579,PHI,PHI,26,26
R,542303,"<a href=""statss.aspx?playerid=10324&position=DH/OF"">Marcell Ozuna</a>","<a href=""leaders.aspx?pos=all&stats=bat&lg=all&qual=0&type=strType&season=2026&month=13&season1=2026&ind=0&team=27&rost=0&age=0"">PIT</a>",2026,28.0,20 - 35,132.0,247.0,274.0,65.0,51.0,5.0,0.0,9.0,36.0,35.0,24.0,1.0,67.0,0.0,3.0,0.0,7.0,5.0,0.0,0.263157894,82.0,64.0,33.0,6.0,1097.0,395.0,702.0,9.0,4.0,4.0,0.08759124,0.244525547,0.358208955,0.324817518,0.39271255,0.717530068,0.129554656,0.32183908,1.28125,0.184357541,0.458100558,0.357541899,0.09375,0.140625,0.109756097,1.0,0.3649635,0.3220799541298723,0.9948395055257289,32.99556192872157,4.2922397931750975,100.21786273366818,0.5173225440084934,,,,,,,,,,,,,73.0,68.0,42.0,30.0,88.0,65.0,183.0,0.3989071,0.3715847,0.2295082,0.16393443,0.48087432,0.35519126,12.45454545,274.0,0.09638554,Marcell Ozuna,Marcell Ozuna,DH/OF,DH/OF,10324,PIT,PIT,27,27
R,602104,"<a href=""statss.aspx?playerid=18795&position=3B"">Ramon Urias</a>","<a href=""leaders.aspx?pos=all&stats=bat&lg=all&qual=0&type=strType&season=2026&month=13&season1=2026&ind=0&team=28&rost=0&age=0"">STL</a>",2026,26.0,23 - 32,146.0,208.0,245.0,53.0,35.0,8.0,0.0,10.0,36.0,34.0,28.0,3.0,49.0,4.0,4.0,1.0,10.0,1.0,1.0,0.254807692,64.0,60.0,34.0,4.0,992.0,370.0,622.0,5.0,6.0,2.0,0.114285714,0.2,0.571428571,0.348360655,0.4375,0.785860655,0.182692308,0.281045751,1.066666666,0.215189873,0.405063291,0.379746835,0.066666666,0.166666666,0.078125,0.333333333,0.35510204,0.34760789010534643,5.5377231306156185,34.15150777909364,2.589948608000702,120.23722764061174,-0.6255363672971725,,,,,,,,,,,,,66.0,61.0,37.0,16.0,80.0,68.0,164.0,0.40243902,0.37195122,0.22560976,0.09756098,0.48780488,0.41463415,11.66666667,245.0,0.09821429,Ramon Urias,Ramón Urías,3B,3B,18795,STL,STL,28,28
R,592518,"<a href=""statss.aspx?playerid=11493&position=3B"">Manny Machado</a>","<a href=""leaders.aspx?pos=all&stats=bat&lg=all&qual=0&type=strType&season=2026&month=13&season1=2026&ind=0&team=29&rost=0&age=0"">SDP</a>",2026,30.0,23 - 34,91.0,145.0,159.0,33.0,20.0,13.0,0.0,0.0,15.0,15.0,13.0,1.0,35.0,1.0,0.0,0.0,5.0,1.0,1.0,0.227586206,54.0,29.0,26.0,2.0,610.0,211.0,399.0,5.0,1.0,0.0,0.081761006,0.220125786,0.371428571,0.295597484,0.317241379,0.612838863,0.089655173,0.3,1.862068965,0.23853211,0.495412844,0.266055045,0.068965517,0.0,0.092592592,0.0,0.30188679,0.27939499782610544,-4.8165450818241755,13.75321720024932,2.6204136720589943,77.32484905513583,-0.4233336430042982,,,,,,,,,,,,,46.0,37.0,27.0,20.0,60.0,30.0,110.0,0.41818182,0.33636364,0.24545455,0.18181818,0.54545455,0.27272727,7.22727273,159.0,0.10859729,Manny Machado,Manny Machado,3B,3B,11493,SDP,SDP,29,29
R,642715,"<a href=""statss.aspx?playerid=15986&position=SS"">Willy Adames</a>","<a href=""leaders.aspx?pos=all&stats=bat&lg=all&qual=0&type=strType&season=2026&month=13&season1=2026&ind=0&team=30&rost=0&age=0"">SFG</a>",2026,28.0,25 - 33,128.0,232.0,249.0,64.0,45.0,15.0,1.0,3.0,28.0,25.0,13.0,1.0,54.0,1.0,2.0,1.0,6.0,0.0,0.0,0.275862068,79.0,65.0,35.0,2.0,968.0,330.0,638.0,7.0,2.0,0.0,0.052208835,0.216867469,0.24074074,0.314516129,0.387931034,0.702447163,0.112068966,0.344632768,1.215384615,0.195530726,0.441340782,0.363128491,0.03076923,0.046153846,0.088607594,0.0,0.2811245,0.31309542675249974,-0.9676955121227644,28.11325296735083,2.3793436212500003,98.44045794979142,-0.3783147744834423,,,,,,,,,,,,,65.0,68.0,48.0,30.0,89.0,62.0,181.0,0.35911602,0.37569061,0.26519337,0.16574586,0.49171271,0.34254144,11.31818182,249.0,0.1042654,Willy Adames,Willy Adames,SS,SS,15986,SFG,SFG,30,30
