Bats,xMLBAMID,Name,Team,Season,Age,AgeR,G,AB,PA,H,1B,2B,3B,HR,R,RBI,BB,IBB,SO,HBP,SF,SH,GDP,SB,CS,AVG,GB,FB,LD,IFFB,Pitches,Balls,Strikes,IFH,BU,BUH,BB%,K%,BB/K,OBP,SLG,OPS,ISO,BABIP,GB/FB,LD%,GB%,FB%,IFFB%,HR/FB,IFH%,BUH%,TTO%,wOBA,wRAA,wRC,Spd,wRC+,wBsR,Batting,Fielding,Replacement,Positional,wLeague,CFraming,Defense,Offense,RAR,WAR,Dollars,BaseRunning,Pull,Cent,Oppo,Soft,Med,Hard,bipCount,Pull%,Cent%,Oppo%,Soft%,Med%,Hard%,Q,TPA,Pos,PlayerNameRoute,PlayerName,positionDB,position,playerid,TeamName,TeamNameAbb,teamid,playerTeamId
R,518595,"<a href=""statss.aspx?playerid=7739&position=C"">Travis d'Arnaud</a>","<a href=""leaders.aspx?pos=all&stats=bat&lg=all&qual=0&type=strType&season=2026&month=14&season1=2026&ind=0&team=1&rost=0&age=0"">LAA</a>",2026,28.0,22 - 37,1486.0,3805.0,4271.0,882.0,596.0,173.0,10.0,103.0,454.0,433.0,357.0,10.0,1095.0,75.0,15.0,18.0,81.0,69.0,18.0,0.231800262,1103.0,1044.0,559.0,85.0,16767.0,5924.0,10843.0,61.0,37.0,12.0,0.083586981,0.256380238,0.326027397,0.309031044,0.363731931,0.672762975,0.131931669,0.297101449,1.056513409,0.206577974,0.407612712,0.385809312,0.081417624,0.098659003,0.055303717,0.324324324,0.36408335,0.30007748983761773,-56.79952058716576,449.0241572134301,4.186966671628079,91.05752202195076,0.5384547235444188,,,,,,,,,,,,,1161.0,967.0,615.0,381.0,1496.0,866.0,2744.0,0.42325921,0.35253372,0.22420707,0.13889902,0.54538826,0.31571272,26.52795031,4271.0,0.09930314,Travis d'Arnaud,Travis d'Arnaud,C,C,7739,LAA,LAA,1,1
R,641933,"<a href=""statss.aspx?playerid=15711&position=OF"">Tyler O'Neill</a>","<a href=""leaders.aspx?pos=all&stats=bat&lg=all&qual=0&type=strType&season=2026&month=14&season1=2026&ind=0&team=2&rost=0&age=0"">BAL</a>",2026,27.0,21 - 32,1495.0,3683.0,4178.0,863.0,543.0,171.0,15.0,134.0,516.0,497.0,409.0,9.0,1015.0,47.0,26.0,11.0,74.0,60.0,26.0,0.234319847,1102.0,1068.0,511.0,101.0,16612.0,6114.0,10498.0,66.0,24.0,4.0,0.097893729,0.242939205,0.402955665,0.316686674,0.398045071,0.714731745,0.163725224,0.284765625,1.031835205,0.190600522,0.411040656,0.398358821,0.094569288,0.125468164,0.059891107,0.166666666,0.3729057,0.315526981197147,-3.2753413745940816,491.5341472348391,4.5480391444767765,103.2445928798409,-4.3965752283111215,,,,,,,,,,,,,1118.0,964.0,623.0,360.0,1327.0,1018.0,2707.0,0.41330869,0.35637708,0.23031423,0.13308688,0.49057301,0.37634011,25.95031056,4178.0,0.10366919,Tyler O'Neill,Tyler O'Neill,OF,OF,15711,BAL,BAL,2,2
R,575929,"<a href=""statss.aspx?playerid=11609&position=C"">Willson Contreras</a>","<a href=""leaders.aspx?pos=all&stats=bat&lg=all&qual=0&type=strType&season=2026&month=14&season1=2026&ind=0&team=3&rost=0&age=0"">BOS</a>",2026,28.0,22 - 34,1489.0,3913.0,4418.0,957.0,619.0,205.0,17.0,116.0,472.0,447.0,366.0,9.0,958.0,70.0,39.0,26.0,69.0,76.0,28.0,0.244569384,1267.0,1140.0,564.0,119.0,16837.0,5950.0,10887.0,87.0,49.0,11.0,0.082842915,0.216840199,0.382045929,0.3174567,0.394582162,0.712038862,0.150012778,0.292216817,1.111403508,0.189835072,0.426455738,0.383709188,0.104385964,0.101754385,0.06866614,0.224489795,0.32593934,0.31398200494673023,-9.456366014328406,513.7768366368147,4.532041670873146,97.15559071132992,-2.3421151535585523,,,,,,,,,,,,,1296.0,994.0,730.0,498.0,1537.0,985.0,3024.0,0.42913907,0.32913907,0.24172185,0.16490066,0.5089404,0.32615894,27.44099379,4418.0,0.12113721,Willson Contreras,Willson Contreras,C,C,11609,BOS,BOS,3,3
R,502054,"<a href=""statss.aspx?playerid=2967&position=OF"">Tommy Pham</a>","<a href=""leaders.aspx?pos=all&stats=bat&lg=all&qual=0&type=strType&season=2026&month=14&season1=2026&ind=0&team=4&rost=0&age=0"">CHW</a>",2026,27.0,23 - 38,1532.0,3841.0,4362.0,903.0,573.0,173.0,14.0,143.0,561.0,537.0,409.0,12.0,1048.0,67.0,27.0,18.0,52.0,68.0,24.0,0.235095027,1174.0,1100.0,515.0,111.0,16957.0,6301.0,10656.0,79.0,49.0,13.0,0.093764328,0.240256762,0.390267175,0.317449355,0.399114813,0.716564168,0.164019786,0.283899887,1.067272727,0.184653997,0.420939404,0.394406597,0.10090909,0.13,0.067291311,0.265306122,0.36680422,0.3162284170931836,-1.0487056133969936,515.5522970946804,4.595594229563763,101.84004208709639,-2.2425208925269544,,,,,,,,,,,,,1262.0,953.0,623.0,414.0,1461.0,963.0,2838.0,0.44467935,0.33579986,0.21952079,0.14587738,0.51479915,0.33932347,27.0931677,4362.0,0.11729405,Tommy Pham,Tommy Pham,OF,OF,2967,CHW,CHW,4,4
R,595978,"<a href=""statss.aspx?playerid=12976&position=C"">Austin Hedges</a>","<a href=""leaders.aspx?pos=all&stats=bat&lg=all&qual=0&type=strType&season=2026&month=14&season1=2026&ind=0&team=5&rost=0&age=0"">CLE</a>",2026,27.0,22 - 33,1455.0,3699.0,4159.0,897.0,597.0,172.0,12.0,116.0,456.0,436.0,380.0,6.0,855.0,36.0,28.0,14.0,56.0,103.0,25.0,0.242497972,1136.0,1113.0,606.0,118.0,16437.0,6039.0,10398.0,47.0,31.0,6.0,0.091368117,0.205578264,0.444444444,0.316920106,0.389564747,0.706484853,0.147066775,0.283381712,1.020664869,0.212259194,0.397898423,0.389842381,0.106019766,0.104222821,0.041373239,0.193548387,0.3248377,0.31249832830366836,-13.296906811345629,479.2623711031189,4.754534470856801,99.399552309418,4.517778820823878,,,,,,,,,,,,,1249.0,996.0,641.0,428.0,1528.0,930.0,2888.0,0.43277893,0.34511435,0.22210672,0.14830215,0.52945253,0.32224532,25.83229814,4159.0,0.09861592,Austin Hedges,Austin Hedges,C,C,12976,CLE,CLE,5,5
R,595879,"<a href=""statss.aspx?playerid=12979&position=SS"">Javier Baez</a>","<a href=""leaders.aspx?pos=all&stats=bat&lg=all&qual=0&type=strType&season=2026&month=14&season1=2026&ind=0&team=6&rost=0&age=0"">DET</a>",2026,27.0,21 - 33,1538.0,3859.0,4351.0,934.0,601.0,171.0,25.0,137.0,508.0,481.0,401.0,8.0,983.0,52.0,31.0,3.0,68.0,46.0,17.0,0.242031614,1075.0,1259.0,570.0,107.0,17030.0,6307.0,10723.0,52.0,6.0,1.0,0.092162721,0.225925074,0.407934893,0.319364494,0.405804612,0.725169106,0.163772998,0.287725631,0.853852263,0.196280991,0.370179063,0.433539944,0.084988085,0.108816521,0.048372093,0.166666666,0.34957481,0.3192223195661173,9.750775559055851,525.0490247068881,4.4339802283083305,102.90520334216826,-3.810359795577824,,,,,,,,,,,,,1152.0,1005.0,753.0,429.0,1485.0,996.0,2915.0,0.39587629,0.34536082,0.25876289,0.14742268,0.51030928,0.34226804,27.02484472,4351.0,0.12108108,Javier Baez,Javier Báez,SS,SS,12979,DET,DET,6,6
R,521692,"<a href=""statss.aspx?playerid=7304&position=C"">Salvador Perez</a>","<a href=""leaders.aspx?pos=all&stats=bat&lg=all&qual=0&type=strType&season=2026&month=14&season1=2026&ind=0&team=7&rost=0&age=0"">KCR</a>",2026,29.0,22 - 37,1442.0,3716.0,4157.0,921.0,583.0,201.0,12.0,125.0,478.0,457.0,359.0,7.0,852.0,34.0,33.0,14.0,76.0,80.0,25.0,0.247847147,1087.0,1233.0,555.0,132.0,15900.0,5821.0,10079.0,57.0,36.0,8.0,0.086360356,0.204955496,0.421361502,0.317238049,0.409311087,0.726549136,0.16146394,0.287157287,0.881589618,0.193043478,0.378086956,0.428869565,0.107055961,0.101378751,0.052437902,0.222222222,0.32138561,0.3188759025956584,7.9978417133949335,500.32025534417846,4.510478169891385,100.25861984993,0.13599676312878728,,,,,,,,,,,,,1236.0,999.0,676.0,386.0,1421.0,1104.0,2912.0,0.42459636,0.34318104,0.2322226,0.13260048,0.4881484,0.37925112,25.81987578,4157.0,0.10473373,Salvador Perez,Salvador Perez,C,C,7304,KCR,KCR,7,7
B,605137,"<a href=""statss.aspx?playerid=13145&position=1B/DH"">Josh Bell</a>","<a href=""leaders.aspx?pos=all&stats=bat&lg=all&qual=0&type=strType&season=2026&month=14&season1=2026&ind=0&team=8&rost=0&age=0"">MIN</a>",2026,27.0,21 - 33,1489.0,3768.0,4206.0,938.0,601.0,174.0,20.0,143.0,528.0,509.0,342.0,5.0,870.0,53.0,39.0,3.0,73.0,57.0,23.0,0.248938428,1173.0,1202.0,545.0,151.0,16229.0,5855.0,10374.0,92.0,20.0,12.0,0.08131241,0.20684736,0.393103448,0.31722989,0.419585987,0.736815877,0.170647559,0.284538296,0.975873544,0.186643835,0.401712328,0.411643835,0.12562396,0.118968386,0.078431372,0.6,0.32215882,0.3225047637486361,20.51635967024211,518.6419482512081,4.554327364506447,105.60775457868633,-3.7663845126517117,,,,,,,,,,,,,1337.0,950.0,653.0,458.0,1522.0,960.0,2941.0,0.4547619,0.32312925,0.22210884,0.15578231,0.51768707,0.32653061,26.1242236,4206.0,0.0982659,Josh Bell,Josh Bell,1B/DH,1B/DH,13145,MIN,MIN,8,8
R,519317,"<a href=""statss.aspx?playerid=4949&position=DH/OF"">Giancarlo Stanton</a>","<a href=""leaders.aspx?pos=all&stats=bat&lg=all&qual=0&type=strType&season=2026&month=14&season1=2026&ind=0&team=9&rost=0&age=0"">NYY</a>",2026,29.0,21 - 38,1473.0,3575.0,4034.0,820.0,512.0,144.0,7.0,157.0,488.0,467.0,397.0,12.0,1002.0,24.0,26.0,8.0,66.0,114.0,37.0,0.229370629,1028.0,1057.0,493.0,100.0,16194.0,6093.0,10101.0,51.0,29.0,9.0,0.098413485,0.248388696,0.396207584,0.308552958,0.405314685,0.713867643,0.175944056,0.271498771,0.972563859,0.191233514,0.398758727,0.410007757,0.094607379,0.148533585,0.049610894,0.310344827,0.38572137,0.3134145774894819,-10.185757168109937,467.56950301629735,4.669320479508439,99.65990389387582,2.267907452303916,,,,,,,,,,,,,1155.0,901.0,551.0,346.0,1328.0,933.0,2611.0,0.44303797,0.34560798,0.21135405,0.1327196,0.50939778,0.35788262,25.05590062,4034.0,0.10170488,Giancarlo Stanton,Giancarlo Stanton,DH/OF,DH/OF,4949,NYY,NYY,9,9
R,608841,"<a href=""statss.aspx?playerid=14366&position=1B/DH"">Joey Meneses</a>","<a href=""leaders.aspx?pos=all&stats=bat&lg=all&qual=0&type=strType&season=2026&month=14&season1=2026&ind=0&team=10&rost=0&age=0"">ATH</a>",2026,28.0,22 - 35,1441.0,3715.0,4172.0,906.0,591.0,178.0,10.0,127.0,486.0,464.0,374.0,15.0,901.0,51.0,22.0,9.0,92.0,67.0,21.0,0.243876177,1285.0,993.0,551.0,112.0,15975.0,5812.0,10163.0,85.0,16.0,5.0,0.089645254,0.215963566,0.415094339,0.319798173,0.39973082,0.719528993,0.155854643,0.287559985,1.294058408,0.194768469,0.454224107,0.351007423,0.112789526,0.127895266,0.066147859,0.3125,0.33604986,0.3170608021076369,2.4592487001733874,496.55814445856385,4.11374260821151,94.0216099218777,-0.9998547392897308,,,,,,,,,,,,,1123.0,1055.0,667.0,446.0,1386.0,1013.0,2846.0,0.39472759,0.37082601,0.2344464,0.15676626,0.48717047,0.35606327,25.91304348,4172.0,0.09977452,Joey Meneses,Joey Meneses,1B/DH,1B/DH,14366,ATH,ATH,10,10
R,621550,"<a href=""statss.aspx?playerid=13602&position=3B"">Patrick Wisdom</a>","<a href=""leaders.aspx?pos=all&stats=bat&lg=all&qual=0&type=strType&season=2026&month=14&season1=2026&ind=0&team=11&rost=0&age=0"">SEA</a>",2026,29.0,20 - 35,1433.0,3560.0,4010.0,846.0,552.0,155.0,12.0,127.0,462.0,448.0,362.0,8.0,905.0,61.0,20.0,6.0,60.0,66.0,24.0,0.237640449,1068.0,1054.0,544.0,115.0,15523.0,5600.0,9923.0,57.0,15.0,8.0,0.090274314,0.225685785,0.4,0.31701224,0.39494382,0.71195606,0.157303371,0.282182103,1.013282732,0.204051012,0.40060015,0.395348837,0.109108159,0.120493358,0.053370786,0.533333333,0.34763092,0.3149206590741985,-5.280206015780095,469.6326827644562,4.328051516330704,107.26299667694691,-2.2405403521843255,,,,,,,,,,,,,1127.0,924.0,630.0,405.0,1345.0,931.0,2682.0,0.42036554,0.34464752,0.23498695,0.15106304,0.50167848,0.34725849,24.9068323,4010.0,0.12218845,Patrick Wisdom,Patrick Wisdom,3B,3B,13602,SEA,SEA,11,11
R,596103,"<a href=""statss.aspx?playerid=16153&position=OF"">Austin Slater</a>","<a href=""leaders.aspx?pos=all&stats=bat&lg=all&qual=0&type=strType&season=2026&month=14&season1=2026&ind=0&team=12&rost=0&age=0"">TBR</a>",2026,28.0,22 - 34,1462.0,3653.0,4102.0,961.0,670.0,146.0,14.0,131.0,524.0,495.0,358.0,13.0,781.0,37.0,29.0,22.0,71.0,115.0,38.0,0.263071448,1232.0,1083.0,534.0,135.0,15535.0,5660.0,9875.0,97.0,73.0,30.0,0.0872745,0.190394929,0.458386683,0.332597498,0.418286339,0.750883837,0.155214891,0.299638989,1.137580794,0.187434187,0.432432432,0.38013338,0.124653739,0.120960295,0.078733766,0.410958904,0.30960507,0.32957739905109557,43.0900253457907,528.8986711753491,4.943667215777653,110.15792609812378,1.3036518078297377,,,,,,,,,,,,,1095.0,1083.0,744.0,498.0,1478.0,946.0,2926.0,0.37474333,0.37063655,0.25462012,0.17043121,0.50581793,0.32375086,25.47826087,4102.0,0.10591716,Austin Slater,Austin Slater,OF,OF,16153,TBR,TBR,12,12
R,543309,"<a href=""statss.aspx?playerid=5517&position=C"">Kyle Higashioka</a>","<a href=""leaders.aspx?pos=all&stats=bat&lg=all&qual=0&type=strType&season=2026&month=14&season1=2026&ind=0&team=13&rost=0&age=0"">TEX</a>",2026,30.0,23 - 39,1511.0,3756.0,4229.0,879.0,583.0,159.0,15.0,122.0,453.0,434.0,371.0,11.0,958.0,58.0,24.0,21.0,81.0,59.0,16.0,0.234025559,1185.0,1089.0,527.0,122.0,16316.0,5772.0,10544.0,77.0,42.0,10.0,0.087727595,0.226531094,0.387265135,0.310762651,0.381789137,0.692551788,0.147763578,0.28037037,1.088154269,0.18814709,0.423063191,0.388789717,0.112029384,0.112029384,0.064978902,0.238095238,0.34310712,0.3066445614054636,-33.82440743649856,467.02512040679795,4.183236740854071,96.8862774656848,-0.539965923409909,,,,,,,,,,,,,1178.0,1020.0,644.0,417.0,1375.0,1050.0,2842.0,0.41449683,0.35890218,0.22660099,0.14672766,0.48381422,0.36945813,26.26708075,4229.0,0.12952799,Kyle Higashioka,Kyle Higashioka,C,C,5517,TEX,TEX,13,13
R,543807,"<a href=""statss.aspx?playerid=12856&position=OF"">George Springer</a>","<a href=""leaders.aspx?pos=all&stats=bat&lg=all&qual=0&type=strType&season=2026&month=14&season1=2026&ind=0&team=14&rost=0&age=0"">TOR</a>",2026,28.0,23 - 36,1526.0,3843.0,4251.0,981.0,687.0,180.0,4.0,110.0,474.0,448.0,318.0,12.0,794.0,37.0,33.0,17.0,95.0,52.0,13.0,0.25526932,1340.0,1147.0,585.0,131.0,16170.0,5625.0,10545.0,96.0,28.0,7.0,0.074805928,0.186779581,0.400503778,0.315764594,0.390059849,0.705824443,0.134790529,0.29306864,1.168265039,0.190429687,0.436197916,0.373372395,0.114210985,0.095902353,0.071641791,0.25,0.28746177,0.31078369222169916,-19.948787290298757,483.5062476734878,3.6429003077413755,98.17643375213103,-0.8705674381926656,,,,,,,,,,,,,1257.0,1104.0,739.0,492.0,1605.0,1003.0,3102.0,0.40548387,0.35612903,0.2383871,0.15870968,0.51774194,0.32354839,26.40372671,4251.0,0.09944751,George Springer,George Springer,OF,OF,12856,TOR,TOR,14,14
B,467793,"<a href=""statss.aspx?playerid=2396&position=1B"">Carlos Santana</a>","<a href=""leaders.aspx?pos=all&stats=bat&lg=all&qual=0&type=strType&season=2026&month=14&season1=2026&ind=0&team=15&rost=0&age=0"">ARI</a>",2026,28.0,22 - 40,1509.0,3937.0,4439.0,926.0,597.0,177.0,30.0,122.0,517.0,491.0,393.0,10.0,887.0,47.0,35.0,25.0,66.0,72.0,22.0,0.23520447,1221.0,1229.0,614.0,145.0,17493.0,6334.0,11159.0,54.0,46.0,14.0,0.088533453,0.199819779,0.443066516,0.309610154,0.388366776,0.69797693,0.153162306,0.271346608,0.993490642,0.200391644,0.398498694,0.40110966,0.117982099,0.099267697,0.044226044,0.304347826,0.3158369,0.3076881944510353,-31.85015313430029,493.8701244954924,5.0184830538957055,92.38978023385121,-0.5611395523883402,,,,,,,,,,,,,1379.0,1042.0,689.0,485.0,1568.0,1057.0,3112.0,0.44340836,0.33504823,0.22154341,0.15594855,0.50418006,0.33987138,27.57142857,4439.0,0.11085583,Carlos Santana,Carlos Santana,1B,1B,2396,ARI,ARI,15,-1
B,506702,"<a href=""statss.aspx?playerid=5273&position=C"">Sandy Leon</a>","<a href=""leaders.aspx?pos=all&stats=bat&lg=all&qual=0&type=strType&season=2026&month=14&season1=2026&ind=0&team=16&rost=0&age=0"">ATL</a>",2026,30.0,25 - 37,1446.0,3579.0,3978.0,897.0,592.0,155.0,9.0,141.0,521.0,499.0,320.0,10.0,864.0,33.0,35.0,9.0,50.0,59.0,17.0,0.250628667,1094.0,1134.0,513.0,119.0,15693.0,5578.0,10115.0,60.0,18.0,8.0,0.080442433,0.21719457,0.37037037,0.315099571,0.41715563,0.732255201,0.166526963,0.289766193,0.964726631,0.187157971,0.399124407,0.413717621,0.104938271,0.124338624,0.054844606,0.444444444,0.33308195,0.3200593036414699,11.378375907240319,482.50143614858194,4.335599143880346,100.97185556691669,-0.5729334619827569,,,,,,,,,,,,,1108.0,972.0,679.0,392.0,1342.0,1025.0,2761.0,0.40159478,0.35230156,0.24610366,0.14208046,0.48640812,0.37151142,24.70807453,3978.0,0.10971974,Sandy Leon,Sandy León,C,C,5273,ATL,ATL,16,16
R,608348,"<a href=""statss.aspx?playerid=13620&position=C"">Carson Kelly</a>","<a href=""leaders.aspx?pos=all&stats=bat&lg=all&qual=0&type=strType&season=2026&month=14&season1=2026&ind=0&team=17&rost=0&age=0"">CHC</a>",2026,28.0,22 - 33,1527.0,4071.0,4666.0,1005.0,629.0,200.0,19.0,157.0,614.0,583.0,496.0,20.0,991.0,61.0,32.0,5.0,85.0,81.0,13.0,0.246868091,1204.0,1293.0,606.0,147.0,18580.0,7060.0,11520.0,85.0,14.0,6.0,0.1063009,0.212387483,0.50050454,0.335193133,0.421026774,0.756219907,0.174158683,0.286971235,0.931167826,0.195294875,0.388011601,0.416693522,0.113689095,0.121423047,0.070598006,0.428571428,0.35233605,0.3321735947424995,59.48495963646494,612.0893334640417,5.046835768279987,111.34555966915573,4.148441872559488,,,,,,,,,,,,,1384.0,1053.0,680.0,492.0,1517.0,1108.0,3118.0,0.44401668,0.33782483,0.21815849,0.15784408,0.48668592,0.35547,28.98136646,4666.0,0.12938331,Carson Kelly,Carson Kelly,C,C,13620,CHC,CHC,17,17
R,553993,"<a href=""statss.aspx?playerid=12552&position=3B"">Eugenio Suarez</a>","<a href=""leaders.aspx?pos=all&stats=bat&lg=all&qual=0&type=strType&season=2026&month=14&season1=2026&ind=0&team=18&rost=0&age=0"">CIN</a>",2026,27.0,22 - 34,1509.0,3981.0,4464.0,898.0,561.0,165.0,13.0,159.0,485.0,465.0,396.0,3.0,1143.0,43.0,31.0,11.0,59.0,73.0,28.0,0.225571464,1148.0,1141.0,550.0,117.0,17458.0,6387.0,11071.0,64.0,41.0,15.0,0.088709677,0.256048387,0.346456692,0.300381936,0.3933685,0.693750436,0.167797036,0.272693726,1.006134969,0.193730186,0.404367735,0.401902078,0.10254163,0.139351446,0.055749128,0.365853658,0.38037634,0.30576114217154415,-39.11340459187531,489.5676765839288,4.1937958717435855,89.53479539213157,-2.6607287800870836,,,,,,,,,,,,,1139.0,1058.0,683.0,371.0,1504.0,1005.0,2882.0,0.39548611,0.36736111,0.23715278,0.12881944,0.52222222,0.34895833,27.72670807,4464.0,0.10079727,Eugenio Suarez,Eugenio Suárez,3B,3B,12552,CIN,CIN,18,18
B,650489,"<a href=""statss.aspx?playerid=17338&position=2B/OF"">Willi Castro</a>","<a href=""leaders.aspx?pos=all&stats=bat&lg=all&qual=0&type=strType&season=2026&month=14&season1=2026&ind=0&team=19&rost=0&age=0"">COL</a>",2026,27.0,23 - 32,1519.0,3724.0,4183.0,946.0,597.0,188.0,26.0,135.0,512.0,490.0,353.0,2.0,922.0,57.0,37.0,11.0,66.0,71.0,28.0,0.254027926,1104.0,1094.0,606.0,105.0,15566.0,5550.0,10016.0,49.0,46.0,15.0,0.084389194,0.220415969,0.38286334,0.325101894,0.427228786,0.75233068,0.17320086,0.299926035,1.009140767,0.216119828,0.393723252,0.390156918,0.095978062,0.123400365,0.044384057,0.326086956,0.33707865,0.3294619979776047,43.76196025435997,539.1636095729954,4.911589379192046,94.9250261301662,-3.1066694199107587,,,,,,,,,,,,,1237.0,994.0,619.0,365.0,1453.0,1032.0,2851.0,0.43403509,0.34877193,0.21719298,0.12807018,0.50982456,0.36210526,25.98136646,4183.0,0.09760087,Willi Castro,Willi Castro,2B/OF,2B/OF,17338,COL,COL,19,19
R,596103,"<a href=""statss.aspx?playerid=16153&position=OF"">Austin Slater</a>","<a href=""leaders.aspx?pos=all&stats=bat&lg=all&qual=0&type=strType&season=2026&month=14&season1=2026&ind=0&team=20&rost=0&age=0"">MIA</a>",2026,26.0,23 - 33,1522.0,3903.0,4411.0,992.0,666.0,170.0,26.0,130.0,543.0,518.0,404.0,11.0,944.0,60.0,30.0,13.0,76.0,113.0,35.0,0.254163464,1263.0,1150.0,555.0,131.0,16761.0,6222.0,10539.0,95.0,34.0,16.0,0.091589208,0.214010428,0.427966101,0.331134864,0.410965923,0.742100787,0.156802459,0.301504022,1.098260869,0.186994609,0.425539083,0.387466307,0.113913043,0.113043478,0.075217735,0.470588235,0.33507141,0.32683906543488594,36.48276886373974,558.8869465219996,5.377643057920452,104.37909005720219,1.7548322970978916,,,,,,,,,,,,,1287.0,1055.0,660.0,457.0,1514.0,1031.0,3003.0,0.42871419,0.35143238,0.21985343,0.15223185,0.50433045,0.34343771,27.39751553,4411.0,0.09690141,Austin Slater,Austin Slater,OF,OF,16153,MIA,MIA,20,12
R,514888,"<a href=""statss.aspx?playerid=5417&position=2B"">Jose Altuve</a>","<a href=""leaders.aspx?pos=all&stats=bat&lg=all&qual=0&type=strType&season=2026&month=14&season1=2026&ind=0&team=21&rost=0&age=0"">HOU</a>",2026,28.0,23 - 36,1534.0,4067.0,4560.0,987.0,623.0,175.0,14.0,175.0,553.0,531.0,403.0,33.0,1014.0,49.0,29.0,10.0,77.0,35.0,17.0,0.242685025,1252.0,1235.0,577.0,146.0,17827.0,6557.0,11270.0,86.0,28.0,8.0,0.088377192,0.222368421,0.397435897,0.316402814,0.421686746,0.73808956,0.179001721,0.279325765,1.013765182,0.188315926,0.408616187,0.403067885,0.118218623,0.141700404,0.068690095,0.285714285,0.34912281,0.32127088268729936,20.321385083465767,560.3719518759538,3.620618485242721,106.75995401388069,-5.987389511428773,,,,,,,,,,,,,1348.0,1049.0,695.0,467.0,1561.0,1064.0,3094.0,0.43596378,0.33926261,0.22477361,0.15103493,0.50485123,0.34411384,28.32298137,4560.0,0.09859155,Jose Altuve,Jose Altuve,2B,2B,5417,HOU,HOU,21,21
L,518692,"<a href=""statss.aspx?playerid=5361&position=1B"">Freddie Freeman</a>","<a href=""leaders.aspx?pos=all&stats=bat&lg=all&qual=0&type=strType&season=2026&month=14&season1=2026&ind=0&team=22&rost=0&age=0"">LAD</a>",2026,30.0,21 - 37,1487.0,3701.0,4231.0,962.0,637.0,178.0,11.0,136.0,564.0,537.0,440.0,21.0,873.0,40.0,35.0,13.0,86.0,50.0,17.0,0.259929748,1112.0,1134.0,608.0,100.0,16866.0,6404.0,10462.0,68.0,22.0,1.0,0.103994327,0.206334199,0.504009163,0.34203036,0.424209673,0.766240033,0.164279925,0.302896956,0.980599647,0.213034337,0.389628591,0.39733707,0.088183421,0.119929453,0.061151079,0.045454545,0.34247223,0.3360484042099463,66.65648883424433,567.7428809612218,4.186229516616348,111.99883625411907,-3.297488745301962,,,,,,,,,,,,,1155.0,1013.0,708.0,397.0,1411.0,1068.0,2878.0,0.40159944,0.35222531,0.24617524,0.13803894,0.49061196,0.3713491,26.27950311,4231.0,0.10229277,Freddie Freeman,Freddie Freeman,1B,1B,5361,LAD,LAD,22,22
R,596142,"<a href=""statss.aspx?playerid=11442&position=C"">Gary Sanchez</a>","<a href=""leaders.aspx?pos=all&stats=bat&lg=all&qual=0&type=strType&season=2026&month=14&season1=2026&ind=0&team=23&rost=0&age=0"">MIL</a>",2026,27.0,21 - 34,1489.0,3788.0,4347.0,998.0,673.0,199.0,13.0,113.0,603.0,573.0,472.0,17.0,970.0,26.0,34.0,20.0,52.0,130.0,38.0,0.263463569,1307.0,969.0,545.0,84.0,17330.0,6512.0,10818.0,93.0,51.0,20.0,0.10858063,0.223142397,0.486597938,0.346296296,0.412354804,0.7586511,0.148891235,0.323110624,1.348813209,0.193193902,0.463310882,0.343495214,0.086687306,0.116615067,0.071155317,0.392156862,0.35771797,0.3344755862968732,62.43816817064669,577.2626887511174,5.218624550623552,111.58033771373717,3.717908770777285,,,,,,,,,,,,,1033.0,1087.0,752.0,413.0,1463.0,996.0,2879.0,0.35967967,0.37848189,0.26183844,0.14380223,0.50940111,0.34679666,27.0,4347.0,0.1014245,Gary Sanchez,Gary Sánchez,C,C,11442,MIL,MIL,23,23
R,571945,"<a href=""statss.aspx?playerid=9803&position=P"">Miles Mikolas</a>","<a href=""leaders.aspx?pos=all&stats=bat&lg=all&qual=0&type=strType&season=2026&month=14&season1=2026&ind=0&team=24&rost=0&age=0"">WSN</a>",2026,26.0,23 - 37,1545.0,3841.0,4324.0,921.0,566.0,183.0,22.0,150.0,572.0,537.0,382.0,17.0,908.0,51.0,31.0,15.0,61.0,123.0,25.0,0.239781306,1192.0,1184.0,573.0,108.0,16567.0,5989.0,10578.0,74.0,30.0,5.0,0.088344125,0.209990749,0.420704845,0.314518002,0.41603749,0.730555492,0.176256184,0.273987206,1.006756756,0.194303153,0.404204815,0.401492031,0.091216216,0.126689189,0.062080536,0.166666666,0.33302498,0.3193522808211508,9.612476155446972,521.7130574735869,5.717446322303826,98.68548570609995,8.661343361251056,,,,,,,,,,,,,1224.0,1029.0,726.0,442.0,1523.0,1014.0,2983.0,0.41087613,0.34541793,0.24370594,0.14837194,0.51124538,0.34038268,26.85714286,4324.0,0.10880538,Miles Mikolas,Miles Mikolas,P,P,9803,WSN,WSN,24,-1
R,502054,"<a href=""statss.aspx?playerid=2967&position=OF"">Tommy Pham</a>","<a href=""leaders.aspx?pos=all&stats=bat&lg=all&qual=0&type=strType&season=2026&month=14&season1=2026&ind=0&team=25&rost=0&age=0"">NYM</a>",2026,28.0,21 - 38,1495.0,3829.0,4276.0,928.0,620.0,154.0,11.0,143.0,509.0,483.0,371.0,14.0,945.0,35.0,28.0,10.0,66.0,60.0,24.0,0.242360929,1240.0,1116.0,545.0,103.0,16746.0,6091.0,10655.0,82.0,21.0,5.0,0.08676333,0.221000935,0.392592592,0.31292517,0.40036563,0.7132908,0.158004701,0.283495846,1.111111111,0.187866253,0.427438814,0.384694932,0.092293906,0.1281362,0.066129032,0.238095238,0.34120674,0.313417780929578,-9.91615548280195,496.49968302699625,4.1827317595513005,98.81918716697916,-3.698956435546279,,,,,,,,,,,,,1179.0,1028.0,715.0,410.0,1497.0,1015.0,2925.0,0.40349076,0.35181383,0.24469541,0.14031485,0.51232033,0.34736482,26.55900621,4276.0,0.11517696,Tommy Pham,Tommy Pham,OF,OF,2967,NYM,NYM,25,4
L,547180,"<a href=""statss.aspx?playerid=11579&position=OF"">Bryce Harper</a>","<a href=""leaders.aspx?pos=all&stats=bat&lg=all&qual=0&type=strType&season=2026&month=14&season1=2026&ind=0&team=26&rost=0&age=0"">PHI</a>",2026,29.0,22 - 35,1424.0,3687.0,4126.0,880.0,570.0,168.0,16.0,126.0,495.0,478.0,355.0,15.0,896.0,33.0,38.0,11.0,74.0,70.0,13.0,0.23867643,1217.0,1052.0,553.0,106.0,16068.0,5741.0,10327.0,64.0,18.0,2.0,0.086039747,0.217159476,0.396205357,0.308290785,0.395443449,0.703734234,0.156767019,0.278949315,1.156844106,0.195960311,0.431254429,0.372785258,0.100760456,0.119771863,0.052588331,0.111111111,0.33373728,0.3086064151434156,-25.875864380756873,462.7751528529725,4.979950072802739,90.29488165525831,3.229037008713931,,,,,,,,,,,,,1059.0,1079.0,702.0,393.0,1454.0,993.0,2842.0,0.37288732,0.37992958,0.2471831,0.13838028,0.51197183,0.34964789,25.62732919,4126.0,0.1005354,Bryce Harper,Bryce Harper,OF,OF,11579,PHI,PHI,26,26
R,542303,"<a href=""statss.aspx?playerid=10324&position=DH/OF"">Marcell Ozuna</a>","<a href=""leaders.aspx?pos=all&stats=bat&lg=all&qual=0&type=strType&season=2026&month=14&season1=2026&ind=0&team=27&rost=0&age=0"">PIT</a>",2026,27.0,20 - 35,1461.0,3735.0,4235.0,955.0,639.0,173.0,12.0,131.0,527.0,506.0,400.0,8.0,994.0,66.0,21.0,9.0,80.0,93.0,23.0,0.255689424,1219.0,992.0,534.0,82.0,16540.0,6011.0,10529.0,102.0,26.0,8.0,0.094451003,0.234710743,0.402414486,0.336570345,0.413654618,0.750224963,0.157965194,0.313188901,1.228830645,0.194535519,0.444080145,0.361384335,0.08266129,0.132056451,0.083675143,0.307692307,0.36009445,0.3314309354975827,50.91239476812923,552.4725154624684,4.7917034163753085,105.69526133182293,2.8249021959491074,,,,,,,,,,,,,1141.0,946.0,684.0,413.0,1395.0,963.0,2775.0,0.41176471,0.341393,0.2468423,0.14904367,0.50342837,0.34752797,26.30434783,4235.0,0.09418283,Marcell Ozuna,Marcell Ozuna,DH/OF,DH/OF,10324,PIT,PIT,27,-1
R,602104,"<a href=""statss.aspx?playerid=18795&position=3B"">Ramon Urias</a>","<a href=""leaders.aspx?pos=all&stats=bat&lg=all&qual=0&type=strType&season=2026&month=14&season1=2026&ind=0&team=28&rost=0&age=0"">STL</a>",2026,26.0,22 - 32,1491.0,3778.0,4241.0,908.0,627.0,161.0,9.0,111.0,500.0,485.0,340.0,10.0,923.0,71.0,38.0,12.0,74.0,74.0,16.0,0.240338803,1275.0,1060.0,546.0,94.0,16400.0,5809.0,10591.0,67.0,24.0,4.0,0.080169771,0.217637349,0.36836403,0.312041637,0.375860243,0.68790188,0.13552144,0.286484543,1.202830188,0.189517528,0.442554668,0.367927802,0.088679245,0.104716981,0.052549019,0.166666666,0.32398019,0.30481332385034,-40.27440199352505,461.99631155185693,4.515755294722665,92.46960463376966,2.3049844820052385,,,,,,,,,,,,,1201.0,1024.0,680.0,404.0,1473.0,1028.0,2907.0,0.41342513,0.3524957,0.23407917,0.13907057,0.5070568,0.35387263,26.34161491,4241.0,0.09907834,Ramon Urias,Ramón Urías,3B,3B,18795,STL,STL,28,21
R,592518,"<a href=""statss.aspx?playerid=11493&position=3B"">Manny Machado</a>","<a href=""leaders.aspx?pos=all&stats=bat&lg=all&qual=0&type=strType&season=2026&month=14&season1=2026&ind=0&team=29&rost=0&age=0"">SDP</a>",2026,29.0,20 - 34,1514.0,3979.0,4507.0,963.0,633.0,170.0,17.0,143.0,550.0,530.0,423.0,13.0,971.0,48.0,35.0,19.0,85.0,129.0,32.0,0.242020608,1317.0,1148.0,554.0,118.0,17587.0,6380.0,11207.0,81.0,43.0,7.0,0.093854004,0.215442644,0.435633367,0.319732441,0.401105805,0.720838246,0.159085197,0.28275862,1.147212543,0.183504471,0.436237164,0.380258363,0.102787456,0.124564459,0.061503416,0.162790697,0.34102507,0.31742848815772956,3.1181427242265825,536.8918059991703,5.363446478642944,103.27489738015684,6.351557867135853,,,,,,,,,,,,,1264.0,1051.0,747.0,463.0,1534.0,1065.0,3065.0,0.41280209,0.34323971,0.2439582,0.15120836,0.50097975,0.34781189,27.99378882,4507.0,0.11066282,Manny Machado,Manny Machado,3B,3B,11493,SDP,SDP,29,29
R,606992,"<a href=""statss.aspx?playerid=14111&position=C"">Eric Haase</a>","<a href=""leaders.aspx?pos=all&stats=bat&lg=all&qual=0&type=strType&season=2026&month=14&season1=2026&ind=0&team=30&rost=0&age=0"">SFG</a>",2026,27.0,21 - 33,1482.0,3769.0,4197.0,946.0,613.0,181.0,18.0,134.0,493.0,479.0,324.0,16.0,892.0,41.0,35.0,27.0,63.0,58.0,17.0,0.250994958,1192.0,1135.0,570.0,126.0,16268.0,5793.0,10475.0,67.0,42.0,12.0,0.077197998,0.212532761,0.363228699,0.3144639,0.415229503,0.729693403,0.164234545,0.292296616,1.050220264,0.196755264,0.411460131,0.391784604,0.111013215,0.118061674,0.056208053,0.285714285,0.32165833,0.3184263941726712,6.312671516848652,503.37237082125046,4.546332304979149,102.68479012517895,-0.9279831042513251,,,,,,,,,,,,,1165.0,1032.0,742.0,472.0,1513.0,954.0,2940.0,0.39639333,0.35113984,0.25246683,0.16059884,0.51480095,0.3246002,26.06832298,4197.0,0.0990099,Eric Haase,Eric Haase,C,C,14111,SFG,SFG,30,16
