TeamId,League,Division,ShortName,AbbName,GameDate,dh,AwayTeamId,HomeTeamId,isHome,OpponentId,OpponentAbbName
3,AL,E,Red Sox,BOS,2026-09-29T00:00:00,0,3,9,0,9,NYY
3,AL,E,Red Sox,BOS,2026-09-30T00:00:00,0,3,9,0,9,NYY
4,AL,C,White Sox,CHW,2026-09-29T00:00:00,0,4,21,0,21,HOU
4,AL,C,White Sox,CHW,2026-09-30T00:00:00,0,4,21,0,21,HOU
9,AL,E,Yankees,NYY,2026-09-29T00:00:00,0,3,9,1,3,BOS
9,AL,E,Yankees,NYY,2026-09-30T00:00:00,0,3,9,1,3,BOS
16,NL,E,Braves,ATL,2026-09-29T00:00:00,0,26,16,1,26,PHI
16,NL,E,Braves,ATL,2026-09-30T00:00:00,0,26,16,1,26,PHI
17,NL,C,Cubs,CHC,2026-09-29T00:00:00,0,17,29,0,29,SDP
17,NL,C,Cubs,CHC,2026-09-30T00:00:00,0,17,29,0,29,SDP
21,AL,W,Astros,HOU,2026-09-29T00:00:00,0,4,21,1,4,CHW
21,AL,W,Astros,HOU,2026-09-30T00:00:00,0,4,21,1,4,CHW
26,NL,E,Phillies,PHI,2026-09-29T00:00:00,0,26,16,0,16,ATL
26,NL,E,Phillies,PHI,2026-09-30T00:00:00,0,26,16,0,16,ATL
29,NL,W,Padres,SDP,2026-09-29T00:00:00,0,17,29,1,17,CHC
29,NL,W,Padres,SDP,2026-09-30T00:00:00,0,17,29,1,17,CHC
