Team,ShortName,W,L,GS,G,SV,HLD,BS,IP,TBF,H,R,ER,HR,SO,BB,IBB,HBP,ERA,WHIP,K/9,BB/9,K/BB,HR/9,K%,BB%,K-BB%,GB%,AVG,BABIP,LOB%,FIP,FPTS,FPTS_IP,SPTS,SPTS_IP,WAR,RA9-WAR,QS,ADP,UPURL,positionDB,teamid,playerTeamId,League,PlayerName,xMLBAMID,playerids,playerid
LAD,Dodgers,0.0,0.0,0.0,1.0,0.0,0.005,,0.818539,3.29885,0.675744,0.29,0.27,0.0490954,0.830274,0.212425,0.0140411,0.0387639,2.9687,1.08507,9.12903,2.33566,3.90854,0.539814,0.251686,0.0643938,0.18729212880134583,,0.221726,0.289006,0.729977,2.77398,6.800000000000001,6.800000000000001,7.0,7.0,0.0198987,0.0560281,0.0,650.3499755859375,/players/justin-wrobleski/31204/stats/pitching,P,22,22,NL,Justin Wrobleski,680736,31204,31204
SEA,Mariners,0.0,0.0,0.0,1.0,0.0,0.0043,,1.00901,4.00183,0.73568,0.35,0.33,0.102979,1.20491,0.266141,0.0231785,0.0552446,2.94346,0.99287,10.7473,2.37386,4.52733,0.918528,0.301089,0.0665047,0.234584279358387,,0.199889,0.266675,0.760007,2.99632,6.800000000000001,6.800000000000001,7.0,7.0,0.0194292,0.0560281,0.0,34.77000045776367,/players/bryan-woo/30279/stats/pitching,P,11,11,AL,Bryan Woo,693433,30279,30279
SEA,Mariners,0.0,0.0,0.0,1.0,0.007,0.0814,,0.504508,2.02358,0.371366,0.18,0.17,0.0522653,0.651913,0.142031,0.0142918,0.0353476,3.03266,1.01762,11.6296,2.53372,4.58992,0.932368,0.322159,0.0701883,0.2519705295562744,,0.201152,0.279418,0.757332,2.91946,9.4,9.4,7.0,7.0,0.0189691,0.0560281,0.0,999.0,/players/gabe-speier/17170/stats/pitching,P,11,11,AL,Gabe Speier,642100,17170,17170
SEA,Mariners,0.0,0.0,0.0,1.0,0.0,0.0043,,1.00901,4.04327,0.723207,0.36,0.34,0.0997445,1.23823,0.333629,0.0248262,0.0437473,3.03266,1.04739,11.0445,2.97583,3.7114,0.88968,0.306244,0.0825145,0.2237297147512436,,0.19728,0.267819,0.759748,3.05507,6.800000000000001,6.800000000000001,7.0,7.0,0.0183304,0.0560281,0.0,341.6000061035156,/players/bryce-miller/29837/stats/pitching,P,11,11,AL,Bryce Miller,682243,29837,29837
SEA,Mariners,0.0,0.0,0.0,1.0,0.08,0.057,,0.504508,2.0929,0.342938,0.19,0.18,0.0460236,0.673252,0.252997,0.00782977,0.0343065,3.21105,1.18122,12.0102,4.51325,2.66111,0.821023,0.321684,0.120883,0.20080069452524185,,0.189931,0.273321,0.76375,3.32769,9.4,9.4,7.0,7.0,0.0150669,0.0560281,0.0,194.19000244140625,/players/seranthony-dominguez/19249/stats/pitching,P,11,11,AL,Seranthony Domínguez,622554,19249,19249
SEA,Mariners,0.0,0.0,0.0,1.0,0.129,0.0442,,0.504508,2.10285,0.451561,0.21,0.2,0.0410702,0.518711,0.160714,0.0136511,0.0347205,3.56783,1.21361,9.25336,2.86701,3.22753,0.732659,0.24667,0.0764269,0.17024310678243637,,0.23674,0.304601,0.725112,3.26641,9.4,9.4,7.0,7.0,0.0130191,0.0560281,0.0,999.0,/players/jose-a-ferrer/24017/stats/pitching,P,11,11,AL,José A. Ferrer,678606,24017,24017
MIN,Twins,0.0,0.0,0.0,1.0,0.0,0.0044,,0.872242,3.7039,0.776633,0.39,0.37,0.0717693,0.914772,0.359228,0.0174064,0.0486719,3.81775,1.30223,9.43883,3.7066,2.54649,0.740532,0.246975,0.0969865,0.14998901635408401,,0.235629,0.305208,0.720371,3.47737,6.800000000000001,6.800000000000001,7.0,7.0,0.0121866,0.0560281,0.0,999.0,/players/connor-prielipp/31857/stats/pitching,P,8,8,AL,Connor Prielipp,687570,31857,31857
SEA,Mariners,0.0,0.0,0.0,1.0,0.007,0.1004,,0.504508,2.10346,0.433263,0.23,0.22,0.0569385,0.551701,0.182304,0.00915467,0.0189264,3.92462,1.22013,9.84188,3.25215,3.02627,1.01574,0.262283,0.0866688,0.17561407387256622,,0.227766,0.290915,0.719539,3.57898,9.4,9.4,7.0,7.0,0.0117157,0.0560281,0.0,999.0,/players/eduard-bazardo/20997/stats/pitching,P,11,11,AL,Eduard Bazardo,660825,20997,20997
TEX,Rangers,0.0,0.0,0.0,1.0,0.0,0.0041,,0.859466,3.55073,0.764732,0.37,0.35,0.0881597,0.799212,0.235843,0.00685104,0.0425068,3.66507,1.16418,8.36904,2.46966,3.38874,0.923175,0.225084,0.0664212,0.15866296738386154,,0.233693,0.283677,0.71889,3.54758,6.800000000000001,6.800000000000001,7.0,7.0,0.0115835,0.0560281,0.0,132.50999450683594,/players/nathan-eovaldi/9132/stats/pitching,P,13,13,AL,Nathan Eovaldi,543135,9132,9132
MIL,Brewers,0.0,0.0,0.0,1.0,0.0,0.0039,,0.723301,3.03883,0.607702,0.31,0.29,0.0650177,0.735877,0.292818,0.015633,0.0353761,3.60846,1.24502,9.15648,3.64352,2.51309,0.809013,0.242158,0.096359,0.14579935371875763,,0.224192,0.284167,0.729492,3.59733,6.800000000000001,6.800000000000001,7.0,7.0,0.0107366,0.0560281,0.0,999.0,/players/shane-drohan/27814/stats/pitching,P,23,23,NL,Shane Drohan,675660,27814,27814
ARI,Diamondbacks,0.0,0.0,0.0,1.0,0.0,0.0043,,1.22049,5.0559,0.996162,0.53,0.5,0.134643,1.15222,0.430249,0.0212642,0.0702523,3.68704,1.16872,8.49658,3.17269,2.67803,0.992866,0.227896,0.0850984,0.14279792457818985,,0.218677,0.26358,0.724132,3.87856,6.800000000000001,6.800000000000001,7.0,7.0,0.00994199,-0.0459994,0.0,710.3599853515625,/players/michael-soroka/18383/stats/pitching,P,15,15,NL,Michael Soroka,647336,18383,18383
SEA,Mariners,0.0,0.0,0.0,1.0,0.0,0.0784,,0.504508,2.12045,0.449015,0.22,0.21,0.0426025,0.486625,0.182105,0.0120459,0.0440005,3.74622,1.25096,8.68099,3.24861,2.67222,0.759993,0.229492,0.0858807,0.1436111256480217,,0.237029,0.297713,0.7194,3.61547,7.4,7.4,5.0,5.0,0.00984965,0.0560281,0.0,999.0,/players/carlos-vargas/22915/stats/pitching,P,11,11,AL,Carlos Vargas,672841,22915,22915
ARI,Diamondbacks,0.0,0.0,0.0,1.0,0.077,0.0667,,0.610245,2.55927,0.498773,0.26,0.24,0.0572394,0.567412,0.271162,0.00942467,0.0232252,3.53956,1.26168,8.3683,3.99914,2.09253,0.844176,0.221709,0.105953,0.115756094455719,,0.22022,0.26919,0.739251,3.90926,9.4,9.4,7.0,7.0,0.00860807,0.0560281,0.0,999.0,/players/juan-morillo/21924/stats/pitching,P,15,15,NL,Juan Morillo,666661,21924,21924
SDP,Padres,0.0,0.0,0.0,1.0,0.0,0.0043,,0.872242,3.58819,0.678596,0.39,0.37,0.123334,0.91758,0.321958,0.0245961,0.0289027,3.81775,1.14711,9.4678,3.32204,2.85,1.27259,0.255722,0.0897271,0.1659950241446495,,0.209616,0.252804,0.737485,4.04327,6.800000000000001,6.800000000000001,7.0,7.0,0.00851816,0.0560281,0.0,96.01000213623047,/players/nick-pivetta/15454/stats/pitching,P,29,29,NL,Nick Pivetta,601713,15454,15454
SEA,Mariners,0.0,0.0,0.0,1.0,0.0,0.0273,,0.504508,2.16137,0.428246,0.24,0.23,0.0488789,0.544319,0.237021,0.0117179,0.0389682,4.10301,1.31864,9.71019,4.22825,2.2965,0.871959,0.251839,0.109662,0.14217709004878998,,0.22714,0.293585,0.712535,3.84511,9.4,9.4,7.0,7.0,0.00818858,0.0560281,0.0,999.0,/players/troy-taylor/31883/stats/pitching,P,11,11,AL,Troy Taylor,700187,31883,31883
ARI,Diamondbacks,0.0,0.0,0.0,1.0,0.0,0.0043,,0.610245,2.52226,0.522281,0.27,0.25,0.0752898,0.501694,0.183726,0.0113328,0.025507,3.68704,1.15693,7.39907,2.70963,2.73066,1.11039,0.198907,0.0728421,0.126064732670784,,0.2258,0.257478,0.725951,4.09056,6.800000000000001,6.800000000000001,7.0,7.0,0.00812875,0.0560281,0.0,251.42999267578125,/players/ryne-nelson/26253/stats/pitching,P,15,15,NL,Ryne Nelson,669194,26253,26253
MIN,Twins,0.0,0.0,0.0,1.0,0.0,0.0044,,0.872242,3.69305,0.858702,0.45,0.42,0.114143,0.775793,0.258588,0.0274967,0.0352799,4.33366,1.28094,8.00482,2.66818,3.00011,1.17776,0.210068,0.0700203,0.14004819095134735,,0.25262,0.296726,0.696916,4.03539,6.800000000000001,6.800000000000001,7.0,7.0,0.00809869,0.0560281,0.0,488.6400146484375,/players/zebby-matthews/31827/stats/pitching,P,8,8,AL,Zebby Matthews,805673,31827,31827
CHW,White Sox,0.0,0.0,0.0,1.0,0.0,0.0038,,0.904701,3.80472,0.841252,0.45,0.42,0.100039,0.735197,0.301512,0.00664046,0.025226,4.17818,1.26314,7.31377,2.99945,2.43837,0.99519,0.193233,0.0792467,0.11398588120937347,,0.241879,0.28047,0.690892,3.99798,6.800000000000001,6.800000000000001,7.0,7.0,0.00793139,0.0560281,0.0,999.0,/players/erick-fedde/17425/stats/pitching,P,4,4,AL,Erick Fedde,607200,17425,17425
ARI,Diamondbacks,0.0,0.0,0.0,1.0,0.041,0.0693,,0.610245,2.52132,0.541482,0.25,0.23,0.0518536,0.434179,0.178763,0.010099,0.0407393,3.39208,1.18025,6.40334,2.63643,2.4288,0.764746,0.172203,0.0709005,0.10130245983600616,,0.235241,0.269651,0.726079,3.86305,4.800000000000001,4.800000000000001,5.0,5.0,0.00743693,0.0560281,0.0,999.0,/players/jonathan-loaisiga/19753/stats/pitching,P,15,15,NL,Jonathan Loáisiga,642528,19753,19753
SEA,Mariners,0.0,0.0,0.0,1.0,0.0,0.0043,,0.504508,2.14165,0.464259,0.24,0.22,0.0530205,0.472933,0.186926,0.0120952,0.0327829,3.92462,1.29073,8.43673,3.3346,2.53006,0.945842,0.220827,0.0872814,0.1335456669330597,,0.241558,0.294587,0.712679,3.90016,7.4,7.4,5.0,5.0,0.00741893,0.0560281,0.0,999.0,/players/cooper-criswell/24975/stats/pitching,P,11,11,AL,Cooper Criswell,681867,24975,24975
SEA,Mariners,0.0,0.0,0.0,1.0,0.0,0.0436,,0.504508,2.11378,0.469244,0.24,0.22,0.0583634,0.451293,0.143553,0.0114175,0.0366013,3.92462,1.21464,8.05069,2.56087,3.14374,1.04115,0.213501,0.0679131,0.14558764547109604,,0.242676,0.288546,0.701949,3.88841,7.4,7.4,5.0,5.0,0.00741442,0.0560281,0.0,999.0,/players/hoby-milner/13346/stats/pitching,P,11,11,AL,Hoby Milner,571948,13346,13346
PIT,Pirates,0.0,0.0,0.0,1.0,0.0,0.004,,0.818539,3.52159,0.79382,0.41,0.39,0.0785681,0.684371,0.314338,0.00925993,0.0310404,4.28813,1.35382,7.5248,3.45621,2.17718,0.863871,0.194336,0.0892602,0.10507573932409286,,0.249927,0.296383,0.699443,3.94377,6.800000000000001,6.800000000000001,7.0,7.0,0.00718649,0.0560281,0.0,745.6199951171875,/players/carmen-mlodzinski/27572/stats/pitching,P,27,27,NL,Carmen Mlodzinski,669387,27572,27572
ARI,Diamondbacks,0.0,0.0,0.0,1.0,0.007,0.0754,,0.610245,2.55289,0.519903,0.28,0.26,0.0704175,0.548526,0.226772,0.00596738,0.0284195,3.83453,1.22357,8.08975,3.34447,2.41884,1.03853,0.214864,0.0888293,0.12603503465652466,,0.226271,0.267749,0.720077,4.05921,6.800000000000001,6.800000000000001,7.0,7.0,0.00698623,0.0560281,0.0,556.52001953125,/players/kevin-ginkel/19876/stats/pitching,P,15,15,NL,Kevin Ginkel,656464,19876,19876
MIA,Marlins,0.0,0.0,0.0,1.0,0.0,0.0041,,1.19949,5.19342,1.07002,0.56,0.53,0.0904525,1.10216,0.581777,0.0496059,0.0637078,3.97669,1.37708,8.26972,4.36518,1.89448,0.678682,0.212223,0.112022,0.1002008467912674,,0.235277,0.291946,0.715856,3.8593,3.8000000000000003,3.8000000000000003,4.0,4.0,0.00684451,-0.0459994,0.0,999.0,/players/dax-fulton/27757/stats/pitching,P,20,20,NL,Dax Fulton,690978,27757,27757
SEA,Mariners,0.0,0.0,0.0,1.0,0.0,0.0634,,0.504508,2.16123,0.453903,0.26,0.24,0.0685619,0.579739,0.208116,0.00881417,0.0330555,4.2814,1.31221,10.3421,3.71261,2.78566,1.22309,0.268245,0.0962948,0.17194971442222595,,0.2364,0.302998,0.71024,4.00484,9.4,9.4,7.0,7.0,0.00680435,0.0560281,0.0,999.0,/players/michael-rucker/19454/stats/pitching,P,11,11,AL,Michael Rucker,621074,19454,19454
CLE,Guardians,0.0,0.0,0.0,1.0,0.0,0.0048,,0.723301,3.10048,0.616001,0.36,0.34,0.0730694,0.709302,0.326888,0.0306739,0.0627201,4.2306,1.30359,8.82582,4.06745,2.16987,0.909199,0.228772,0.105431,0.1233406513929367,,0.227234,0.281531,0.693427,4.07025,6.800000000000001,6.800000000000001,7.0,7.0,0.00649853,0.0560281,0.0,270.80999755859375,/players/joey-cantillo/23335/stats/pitching,P,5,5,AL,Joey Cantillo,676282,23335,23335
ARI,Diamondbacks,0.0,0.0,0.0,1.0,0.041,0.0856,,0.610245,2.61756,0.478813,0.27,0.25,0.054141,0.644132,0.33474,0.0143033,0.0487334,3.68704,1.33316,9.49978,4.93681,1.92428,0.798482,0.246081,0.127882,0.11819857358932495,,0.214321,0.276512,0.736766,4.02978,9.4,9.4,7.0,7.0,0.00623615,0.0560281,0.0,999.0,/players/justin-martinez/24453/stats/pitching,P,15,15,NL,Justin Martinez,679885,24453,24453
ARI,Diamondbacks,0.0,0.0,0.0,1.0,0.0,0.0651,,0.610245,2.54095,0.521863,0.29,0.27,0.0760013,0.51291,0.211556,0.0120535,0.0251357,3.98201,1.20184,7.56449,3.12007,2.42446,1.12088,0.201857,0.0832586,0.11859879642724991,,0.226478,0.259925,0.707188,4.20394,6.800000000000001,6.800000000000001,7.0,7.0,0.0052758,0.0560281,0.0,150.50999450683594,/players/dennis-santana/17878/stats/pitching,P,15,15,NL,Dennis Santana,642701,17878,17878
COL,Rockies,0.0,0.0,0.0,1.0,0.0,0.0037,,0.913777,3.89761,0.819739,0.45,0.42,0.118749,0.95061,0.351048,0.0266263,0.0653733,4.13668,1.28126,9.36277,3.45755,2.70792,1.16959,0.243896,0.0900676,0.15382815897464752,,0.235477,0.290647,0.717531,4.07823,6.800000000000001,6.800000000000001,7.0,7.0,0.00507425,0.0560281,0.0,999.0,/players/mason-adams/31663/stats/pitching,P,19,19,NL,Mason Adams,690279,31663,31663
MIA,Marlins,0.0,0.0,0.0,1.0,0.0,0.0041,,1.19949,5.15455,1.10078,0.62,0.59,0.150812,1.03031,0.477598,0.0296721,0.0571499,4.42688,1.31588,7.73057,3.5835,2.15727,1.13157,0.199883,0.0926555,0.10722705721855164,,0.238275,0.27626,0.700958,4.35632,6.800000000000001,6.800000000000001,7.0,7.0,0.00475538,-0.0459994,0.0,999.0,/players/ryan-gusto/26440/stats/pitching,P,20,20,NL,Ryan Gusto,687473,26440,26440
SFG,Giants,0.0,0.0,0.0,1.0,0.064,0.0629,,0.529733,2.34453,0.448986,0.26,0.24,0.0416774,0.544468,0.325764,0.0348625,0.0322872,4.07753,1.46253,9.25035,5.53462,1.67136,0.708086,0.23223,0.138946,0.09328311681747437,,0.226021,0.290866,0.718521,4.09718,9.4,9.4,7.0,7.0,0.00448466,0.0560281,0.0,663.6500244140625,/players/camilo-doval/21992/stats/pitching,P,30,30,NL,Camilo Doval,666808,21992,21992
MIA,Marlins,0.0,0.0,0.0,1.0,0.077,0.0552,,0.599746,2.61578,0.547962,0.31,0.29,0.0610052,0.564443,0.294604,0.0106755,0.0306263,4.35184,1.40487,8.47023,4.42093,1.91594,0.915466,0.215784,0.112626,0.10315804183483124,,0.239227,0.292448,0.703374,4.1692,6.800000000000001,6.800000000000001,7.0,7.0,0.00445877,0.0560281,0.0,999.0,/players/calvin-faucher/20116/stats/pitching,P,20,20,NL,Calvin Faucher,676534,20116,20116
ARI,Diamondbacks,0.0,0.0,0.0,1.0,0.0,0.0043,,1.22049,5.0788,1.08353,0.56,0.52,0.13264,0.886275,0.404786,0.0211815,0.04575,3.83453,1.21944,6.53547,2.98492,2.18949,0.978102,0.174505,0.0797011,0.0948038324713707,,0.234111,0.263452,0.712653,4.17021,6.800000000000001,6.800000000000001,7.0,7.0,0.00440061,-0.0459994,0.0,222.69000244140625,/players/zac-gallen/19291/stats/pitching,P,15,15,NL,Zac Gallen,668678,19291,19291
CIN,Reds,0.0,0.0,0.0,1.0,0.0,0.0043,,0.690423,2.97603,0.69016,0.37,0.35,0.0689198,0.504639,0.262278,0.0120463,0.0306463,4.56242,1.3795,6.57821,3.41892,1.92406,0.898403,0.169568,0.0881302,0.08143777400255203,,0.257225,0.29449,0.680458,4.21097,6.800000000000001,6.800000000000001,7.0,7.0,0.00437595,0.0560281,0.0,552.219970703125,/players/rhett-lowder/33876/stats/pitching,P,18,18,NL,Rhett Lowder,695076,33876,33876
MIA,Marlins,0.0,0.0,0.0,1.0,0.0,0.0041,,1.19949,5.14194,1.09449,0.6,0.57,0.130909,1.02239,0.509135,0.0203905,0.0475795,4.27681,1.33692,7.67118,3.82013,2.00809,0.982236,0.198834,0.0990161,0.0998174250125885,,0.238698,0.280768,0.706602,4.20875,3.8000000000000003,3.8000000000000003,4.0,4.0,0.00429454,-0.0459994,0.0,999.0,/players/tyler-phillips/20629/stats/pitching,P,20,20,NL,Tyler Phillips,663969,20629,20629
LAA,Angels,0.0,0.0,0.0,1.0,0.0,0.0043,,0.781333,3.33262,0.689626,0.38,0.36,0.103544,0.723534,0.324572,0.0243488,0.0430373,4.14676,1.29804,8.33422,3.73867,2.2292,1.1927,0.217107,0.0973924,0.11971428245306015,,0.232588,0.274135,0.729603,4.38451,6.800000000000001,6.800000000000001,7.0,7.0,0.0037237,0.0560281,0.0,999.0,/players/ryan-johnson/35325/stats/pitching,P,1,1,AL,Ryan Johnson,696270,35325,35325
MIA,Marlins,0.0,0.0,0.0,1.0,0.019,0.0913,,0.599746,2.60567,0.515202,0.31,0.29,0.0745667,0.593213,0.300839,0.0136457,0.0338343,4.35184,1.36064,8.90197,4.51449,1.97186,1.11897,0.227663,0.115456,0.11220720410346985,,0.226862,0.274845,0.711083,4.41445,6.800000000000001,6.800000000000001,7.0,7.0,0.00361047,0.0560281,0.0,999.0,/players/michael-petersen/20827/stats/pitching,P,20,20,NL,Michael Petersen,656848,20827,20827
SFG,Giants,0.0,0.0,0.0,1.0,0.007,0.0627,,0.529733,2.34642,0.525115,0.29,0.27,0.0505537,0.473605,0.263975,0.0120372,0.0251312,4.58722,1.4896,8.04641,4.48486,1.79413,0.858891,0.201842,0.112501,0.08934041857719421,,0.255243,0.309532,0.694807,4.1921,4.800000000000001,4.800000000000001,5.0,5.0,0.00321353,0.0560281,0.0,999.0,/players/sam-hentges/18548/stats/pitching,P,30,30,NL,Sam Hentges,656529,18548,18548
ARI,Diamondbacks,0.0,0.0,0.0,1.0,0.0,0.0448,,0.610245,2.55371,0.552344,0.29,0.27,0.0801032,0.440235,0.195027,0.00761222,0.0216888,3.98201,1.22471,6.49267,2.87629,2.2573,1.18138,0.172391,0.0763701,0.09602043032646179,,0.236348,0.259951,0.720012,4.4313,4.800000000000001,4.800000000000001,5.0,5.0,0.00318857,0.0560281,0.0,999.0,/players/taylor-clarke/17611/stats/pitching,P,15,15,NL,Taylor Clarke,664199,17611,17611
MIA,Marlins,0.0,0.0,0.0,1.0,0.0,0.0287,,0.599746,2.64376,0.484665,0.3,0.29,0.0576317,0.596388,0.378939,0.0132635,0.0410981,4.35184,1.43995,8.9496,5.68649,1.57384,0.864841,0.225583,0.143333,0.08224986493587494,,0.217952,0.272047,0.719875,4.46379,9.4,9.4,7.0,7.0,0.00316096,0.0560281,0.0,999.0,/players/wikelman-gonzalez/26641/stats/pitching,P,20,20,NL,Wikelman González,682790,26641,26641
MIA,Marlins,0.0,0.0,0.0,1.0,0.092,0.0563,,0.599746,2.54431,0.552833,0.31,0.29,0.0740331,0.457503,0.201562,0.0119407,0.0424987,4.35184,1.25786,6.86545,3.02471,2.26979,1.11097,0.179814,0.0792205,0.10059335082769394,,0.240336,0.270705,0.682898,4.40219,4.800000000000001,4.800000000000001,5.0,5.0,0.00297794,0.0560281,0.0,144.57000732421875,/players/sandy-alcantara/18684/stats/pitching,P,20,20,NL,Sandy Alcantara,645261,18684,18684
MIA,Marlins,0.0,0.0,0.0,1.0,0.006,0.0725,,0.599746,2.61572,0.553199,0.3,0.28,0.0522693,0.498566,0.318319,0.0112215,0.0116244,4.20178,1.45314,7.48165,4.7768,1.56625,0.784372,0.190604,0.121695,0.0689091682434082,,0.242018,0.28873,0.715882,4.2231,4.800000000000001,4.800000000000001,5.0,5.0,0.00278904,0.0560281,0.0,496.760009765625,/players/victor-vodnik/24614/stats/pitching,P,20,20,NL,Victor Vodnik,680767,24614,24614
ARI,Diamondbacks,0.0,0.0,0.0,1.0,0.0,0.0276,,0.610245,2.62022,0.548201,0.31,0.29,0.0746592,0.516328,0.259105,0.018521,0.0359642,4.27697,1.32292,7.61489,3.82132,1.99274,1.10109,0.197055,0.0988867,0.09816849231719971,,0.23577,0.273066,0.707624,4.45113,6.800000000000001,6.800000000000001,7.0,7.0,0.00265612,0.0560281,0.0,999.0,/players/jose-cabrera/30412/stats/pitching,P,15,15,NL,Jose Cabrera,703615,30412,30412
MIA,Marlins,0.0,0.0,0.0,1.0,0.0,0.0638,,0.599746,2.60405,0.46001,0.29,0.28,0.069623,0.62701,0.364733,0.0123479,0.0348702,4.20178,1.37515,9.40913,5.47331,1.71909,1.04479,0.240783,0.140064,0.10071896016597748,,0.208674,0.25891,0.735274,4.51938,9.4,9.4,7.0,7.0,0.0024365,0.0560281,0.0,999.0,/players/jack-ralston/26104/stats/pitching,P,20,20,NL,Jack Ralston,667652,26104,26104
MIA,Marlins,0.0,0.0,0.0,1.0,0.0,0.0447,,0.599746,2.61776,0.556564,0.31,0.29,0.058005,0.463483,0.253861,0.0149401,0.0702634,4.35184,1.35128,6.95519,3.80953,1.82573,0.870443,0.177054,0.0969766,0.0800769180059433,,0.242656,0.281331,0.686249,4.43532,4.800000000000001,4.800000000000001,5.0,5.0,0.000827977,0.0560281,0.0,999.0,/players/cade-gibson/31815/stats/pitching,P,20,20,NL,Cade Gibson,806188,31815,31815
COL,Rockies,0.0,0.0,0.0,1.0,0.0,0.0037,,0.913777,3.99913,0.856015,0.52,0.49,0.126913,0.860575,0.43924,0.0186704,0.0483579,4.82612,1.41747,8.476,4.32618,1.95924,1.25,0.215191,0.109834,0.10535666346549988,,0.243773,0.288863,0.693693,4.62512,6.800000000000001,6.800000000000001,7.0,7.0,0.000158641,-0.0459994,0.0,999.0,/players/ryan-feltner/21446/stats/pitching,P,19,19,NL,Ryan Feltner,663372,21446,21446
SDP,Padres,0.0,0.0,0.0,1.0,0.203,0.0102,,0.436121,1.70271,0.230461,0.11,0.1,0.0324131,0.690522,0.188862,0.00975449,0.0126034,2.06365,0.961484,14.25,3.89744,3.65623,0.668892,0.405542,0.110918,0.2946241796016693,,0.153513,0.254458,0.827189,2.28766,2.0,,2.0,,0.0,0.0,0.0,27.860000610351562,/players/mason-miller/31757/stats/pitching,P,29,29,NL,Mason Miller,695243,31757,31757
LAD,Dodgers,0.0,0.0,0.0,1.0,0.164,0.0444,,0.409269,1.61143,0.301644,0.12,0.11,0.022407,0.49184,0.10129,0.00652822,0.020574,2.41895,0.984521,10.8158,2.22741,4.85577,0.49274,0.30522,0.0628572,0.2423630878329277,,0.202505,0.286304,0.761467,2.30381,0.0,,0.0,,0.0,0.0,0.0,712.8099975585938,/players/tanner-scott/17586/stats/pitching,P,22,22,NL,Tanner Scott,656945,17586,17586
LAD,Dodgers,0.0,0.0,0.0,1.0,0.015,0.0924,,0.409269,1.58981,0.259753,0.12,0.11,0.0285687,0.509954,0.124369,0.00695204,0.0156199,2.41895,0.938557,11.2141,2.73493,4.10033,0.628237,0.320764,0.0782288,0.24253486096858978,,0.179162,0.253686,0.767516,2.54387,2.0,,2.0,,0.0,0.0,0.0,743.4199829101562,/players/alex-vesia/25007/stats/pitching,P,22,22,NL,Alex Vesia,681911,25007,25007
CHW,White Sox,0.0,0.0,0.0,1.0,0.127,0.0439,,0.45235,1.80561,0.338188,0.15,0.14,0.0348368,0.559971,0.137161,0.00182148,0.0116151,2.78545,1.05084,11.1412,2.72897,4.08258,0.693116,0.310129,0.0759639,0.23416471481323242,,0.204117,0.285635,0.762696,2.61432,2.0,,2.0,,0.0,0.0,0.0,506.67999267578125,/players/grant-taylor/33927/stats/pitching,P,4,4,AL,Grant Taylor,691799,33927,33927
LAD,Dodgers,0.0,0.0,0.0,1.0,0.0,0.0743,,0.409269,1.65823,0.304202,0.15,0.14,0.0259119,0.52302,0.135353,0.00362434,0.0345828,3.07866,1.074,11.5014,2.97647,3.86412,0.569815,0.315408,0.0816248,0.23378359526395798,,0.204396,0.296254,0.718003,2.61514,2.0,,2.0,,0.0,0.0,0.0,33.0,/players/edwin-diaz/14710/stats/pitching,P,22,22,NL,Edwin Díaz,621242,14710,14710
PIT,Pirates,0.0,0.0,0.0,1.0,0.046,0.0668,,0.409269,1.6673,0.28084,0.14,0.13,0.03294,0.590811,0.168624,0.00694275,0.0176557,2.85876,1.09821,12.9922,3.70812,3.50372,0.724364,0.354352,0.101136,0.2532159760594368,,0.189626,0.289174,0.767238,2.62691,2.0,,2.0,,0.0,0.0,0.0,748.4400024414062,/players/mason-montgomery/29770/stats/pitching,P,27,27,NL,Mason Montgomery,682254,29770,29770
LAD,Dodgers,0.0,0.0,0.0,1.0,0.0,0.0501,,0.409269,1.64064,0.326282,0.13,0.12,0.0219264,0.433923,0.111909,0.00746582,0.0197768,2.63885,1.07067,9.54214,2.46094,3.87744,0.48217,0.264483,0.0682107,0.19627247750759125,,0.21623,0.289006,0.756308,2.64357,0.0,,0.0,,0.0,0.0,0.0,190.69000244140625,/players/kris-bubic/21455/stats/pitching,P,22,22,NL,Kris Bubic,663460,21455,21455
ATL,Braves,0.0,0.0,0.0,1.0,0.0,0.0898,,0.429733,1.69277,0.31111,0.15,0.14,0.0380334,0.504047,0.120021,0.00876669,0.00750925,2.93205,1.00325,10.5564,2.51363,4.19966,0.796542,0.297765,0.0709021,0.22686293721199036,,0.198762,0.266896,0.743961,2.79729,2.0,,2.0,,0.0,0.0,0.0,999.0,/players/dylan-lee/19996/stats/pitching,P,16,16,NL,Dylan Lee,669276,19996,19996
LAD,Dodgers,0.0,0.0,0.0,1.0,0.054,0.0811,,0.409269,1.63959,0.316169,0.14,0.13,0.0244439,0.415106,0.112977,0.00500719,0.0183551,2.85876,1.04857,9.12837,2.48441,3.67427,0.537532,0.253177,0.0689053,0.18427126854658127,,0.209625,0.272969,0.732155,2.81289,0.0,,0.0,,0.0,0.0,0.0,999.0,/players/evan-phillips/17734/stats/pitching,P,22,22,NL,Evan Phillips,623465,17734,17734
LAD,Dodgers,0.0,0.0,0.0,1.0,0.0,0.005,,0.409269,1.6583,0.322668,0.14,0.13,0.0214805,0.432651,0.137839,0.00566239,0.0205719,2.85876,1.12519,9.51418,3.03113,3.13882,0.472365,0.2609,0.0831203,0.1777796596288681,,0.215128,0.288008,0.744613,2.83151,0.0,,0.0,,0.0,0.0,0.0,289.7200012207031,/players/roki-sasaki/35323/stats/pitching,P,22,22,NL,Roki Sasaki,808963,35323,35323
MIL,Brewers,0.0,0.0,0.0,1.0,0.147,0.026,,0.36165,1.45586,0.272575,0.13,0.12,0.0330512,0.434872,0.111262,0.00519668,0.0134231,2.98631,1.06135,10.8222,2.76886,3.90854,0.82251,0.298704,0.0764235,0.22228049486875534,,0.204762,0.277466,0.751964,2.91974,0.0,,0.0,,0.0,0.0,0.0,137.6999969482422,/players/trevor-megill/17722/stats/pitching,P,23,23,NL,Trevor Megill,656730,17722,17722
LAD,Dodgers,0.0,0.0,0.0,1.0,0.023,0.1086,,0.409269,1.66983,0.328089,0.15,0.14,0.0275625,0.451536,0.129832,0.00581803,0.027427,3.07866,1.11888,9.92946,2.85507,3.47783,0.606111,0.270409,0.077752,0.19265655428171158,,0.216909,0.290794,0.734311,2.92398,0.0,,0.0,,0.0,0.0,0.0,999.0,/players/brock-stewart/16727/stats/pitching,P,22,22,NL,Brock Stewart,592779,16727,16727
TOR,Blue Jays,0.0,0.0,0.0,1.0,0.0,0.0724,,0.379733,1.58668,0.26374,0.13,0.12,0.0306381,0.554728,0.19615,0.0104474,0.0261987,2.8441,1.21109,13.1475,4.64892,2.82809,0.72615,0.349616,0.123623,0.22599320858716965,,0.193311,0.299246,0.791109,2.98612,2.0,,2.0,,0.0,0.0,0.0,748.52001953125,/players/brendon-little/21574/stats/pitching,P,14,14,AL,Brendon Little,663893,21574,21574
PHI,Phillies,0.0,0.0,0.0,1.0,0.191,0.0099,,0.266412,1.08002,0.22372,0.1,0.09,0.0226368,0.287894,0.0745544,0.00384431,0.0144144,3.0404,1.1196,9.7257,2.51862,3.86152,0.764722,0.266563,0.0690304,0.19753216207027435,,0.225739,0.295483,0.743763,3.04749,0.0,,0.0,,0.0,0.0,0.0,41.84000015258789,/players/jhoan-duran/21029/stats/pitching,P,26,26,NL,Jhoan Duran,661395,21029,21029
CLE,Guardians,0.0,0.0,0.0,1.0,0.209,0.0155,,0.36165,1.47119,0.286343,0.14,0.13,0.0344665,0.415876,0.108246,0.00583839,0.0146534,3.23517,1.09108,10.3495,2.69381,3.84194,0.85773,0.28268,0.0735775,0.2091028317809105,,0.212375,0.280503,0.735093,3.06085,0.0,,0.0,,0.0,0.0,0.0,39.90999984741211,/players/cade-smith/27867/stats/pitching,P,5,5,AL,Cade Smith,671922,27867,27867
ATL,Braves,0.0,0.0,0.0,1.0,0.019,0.0853,,0.429733,1.77488,0.355218,0.18,0.17,0.0413584,0.508366,0.138768,0.00694219,0.0192888,3.56035,1.14952,10.6468,2.90625,3.66343,0.866179,0.286424,0.0781846,0.20823902636766434,,0.219702,0.294126,0.720012,3.09089,2.0,,2.0,,0.0,0.0,0.0,600.4400024414062,/players/didier-fuentes/30661/stats/pitching,P,16,16,NL,Didier Fuentes,800311,30661,30661
LAD,Dodgers,0.0,0.0,0.0,1.0,0.0,0.0,,0.409269,1.68088,0.350789,0.17,0.16,0.0245767,0.384574,0.130476,0.00517104,0.0197526,3.51847,1.17592,8.45695,2.86923,2.94746,0.540453,0.228794,0.0776241,0.15116985887289047,,0.229177,0.290873,0.696565,3.10483,0.0,,0.0,,0.0,0.0,0.0,999.0,/players/blake-treinen/12572/stats/pitching,P,22,22,NL,Blake Treinen,595014,12572,12572
ATL,Braves,0.0,0.0,0.0,1.0,0.19,0.0135,,0.429733,1.75402,0.36534,0.18,0.17,0.042081,0.449922,0.113744,0.00540433,0.0166136,3.56035,1.11484,9.42283,2.38217,3.95556,0.881312,0.256509,0.0648477,0.19166098535060883,,0.225009,0.28565,0.711816,3.19138,0.0,,0.0,,0.0,0.0,0.0,100.62000274658203,/players/raisel-iglesias/17130/stats/pitching,P,16,16,NL,Raisel Iglesias,628452,17130,17130
MIL,Brewers,0.0,0.0,0.0,1.0,0.012,0.0949,,0.36165,1.51453,0.277624,0.13,0.12,0.0217932,0.413481,0.170405,0.00515694,0.0255758,2.98631,1.23885,10.2899,4.24069,2.42646,0.542345,0.27301,0.112514,0.16049612313508987,,0.210553,0.28964,0.761712,3.22477,0.0,,0.0,,0.0,0.0,0.0,999.0,/players/aaron-ashby/23550/stats/pitching,P,23,23,NL,Aaron Ashby,676879,23550,23550
NYM,Mets,0.0,0.0,0.0,1.0,0.118,0.0492,,0.477481,1.96344,0.350631,0.19,0.18,0.0470394,0.604898,0.197261,0.00976654,0.0246465,3.39281,1.14746,11.4017,3.71815,3.06649,0.886642,0.308081,0.100467,0.20761429518461227,,0.201335,0.278629,0.742458,3.24354,2.0,,2.0,,0.0,0.0,0.0,59.470001220703125,/players/devin-williams/15816/stats/pitching,P,25,25,NL,Devin Williams,642207,15816,15816
CHW,White Sox,0.0,0.0,0.0,1.0,0.0,0.0213,,0.45235,1.86511,0.363467,0.18,0.17,0.0369141,0.480426,0.15002,0.0104328,0.0338592,3.38234,1.13516,9.55861,2.98481,3.20241,0.734447,0.257586,0.0804348,0.17715074121952057,,0.216191,0.28057,0.722135,3.25852,0.0,,0.0,,0.0,0.0,0.0,999.0,/players/noah-schultz/32056/stats/pitching,P,4,4,AL,Noah Schultz,702273,32056,32056
CHW,White Sox,0.0,0.0,0.0,1.0,0.019,0.0838,,0.45235,1.87373,0.319343,0.18,0.17,0.0463926,0.606345,0.203534,0.0116012,0.0305169,3.38234,1.15591,12.0639,4.04952,2.97909,0.923031,0.323603,0.108625,0.21497792750597,,0.194759,0.276561,0.748758,3.30693,2.0,,2.0,,0.0,0.0,0.0,999.0,/players/hagen-smith/35205/stats/pitching,P,4,4,AL,Hagen Smith,696146,35205,35205
TOR,Blue Jays,0.0,0.0,0.0,1.0,0.201,0.014,,0.379733,1.57724,0.322513,0.16,0.15,0.044925,0.460671,0.128306,0.00610565,0.0110105,3.55513,1.1872,10.9183,3.04096,3.59042,1.06476,0.292075,0.0813485,0.21072638034820557,,0.224292,0.297738,0.74968,3.31464,0.0,,0.0,,0.0,0.0,0.0,999.0,/players/louie-varland/27691/stats/pitching,P,14,14,AL,Louis Varland,686973,27691,27691
TOR,Blue Jays,0.0,0.0,0.0,1.0,0.007,0.093,,0.379733,1.56774,0.32226,0.16,0.15,0.0390257,0.411127,0.118263,0.00587955,0.0192755,3.55513,1.16009,9.74405,2.80294,3.47637,0.924942,0.262241,0.0754354,0.1868060827255249,,0.225325,0.289,0.726956,3.35957,0.0,,0.0,,0.0,0.0,0.0,999.0,/players/spencer-miles/31621/stats/pitching,P,14,14,AL,Spencer Miles,693686,31621,31621
HOU,Astros,0.0,0.0,0.0,1.0,0.211,0.0131,,0.379733,1.54321,0.291003,0.16,0.15,0.0501243,0.484674,0.115445,0.00249106,0.0253904,3.55513,1.07035,11.4872,2.73616,4.1983,1.18799,0.314068,0.0748084,0.23925941437482834,,0.207507,0.277644,0.732879,3.37822,0.0,,0.0,,0.0,0.0,0.0,124.38999938964844,/players/josh-hader/14212/stats/pitching,P,21,21,AL,Josh Hader,623352,14212,14212
ATL,Braves,0.0,0.0,0.0,1.0,0.0,0.0771,,0.429733,1.78437,0.379973,0.19,0.18,0.0432304,0.443033,0.127231,0.0105319,0.0213748,3.76978,1.18028,9.27855,2.66463,3.48211,0.905384,0.248285,0.0713032,0.17698220163583755,,0.232291,0.292947,0.710135,3.38561,0.0,,0.0,,0.0,0.0,0.0,999.0,/players/dylan-dodd/29928/stats/pitching,P,16,16,NL,Dylan Dodd,689266,29928,29928
DET,Tigers,0.0,0.0,0.0,1.0,0.017,0.0747,,0.329733,1.35744,0.298605,0.14,0.13,0.0305953,0.296585,0.0856562,0.00300717,0.0119558,3.54833,1.16537,8.09524,2.33797,3.46251,0.835094,0.218489,0.0631014,0.15538761764764786,,0.237021,0.287365,0.715411,3.3977,0.0,,0.0,,0.0,0.0,0.0,999.0,/players/tyler-holton/26231/stats/pitching,P,6,6,AL,Tyler Holton,663947,26231,26231
SDP,Padres,0.0,0.0,0.0,1.0,0.014,0.09,,0.436121,1.79465,0.375975,0.18,0.17,0.035658,0.398174,0.134754,0.0111609,0.0202246,3.5082,1.17107,8.21691,2.78084,2.95483,0.735856,0.221867,0.0750861,0.14678054302930832,,0.229298,0.282223,0.717716,3.40529,0.0,,0.0,,0.0,0.0,0.0,735.8499755859375,/players/adrian-morejon/20039/stats/pitching,P,29,29,NL,Adrian Morejon,670970,20039,20039
MIN,Twins,0.0,0.0,0.0,1.0,0.006,0.0838,,0.436121,1.83188,0.397778,0.2,0.19,0.0364281,0.430195,0.153877,0.0112051,0.0216099,3.92093,1.26491,8.87771,3.17549,2.7957,0.751747,0.234838,0.0839997,0.1508384719491005,,0.240147,0.303715,0.702389,3.42248,0.0,,0.0,,0.0,0.0,0.0,999.0,/players/tommy-nance/19178/stats/pitching,P,8,8,AL,Tommy Nance,667297,19178,19178
STL,Cardinals,0.0,0.0,0.0,1.0,0.0,0.0293,,0.314031,1.30071,0.270306,0.14,0.13,0.0319843,0.325001,0.10064,0.0111304,0.0112539,3.72575,1.18124,9.31439,2.88431,3.22933,0.916657,0.249863,0.0773731,0.1724904328584671,,0.227374,0.286502,0.708059,3.42544,0.0,,0.0,,0.0,0.0,0.0,999.0,/players/hancel-rincon/27144/stats/pitching,P,28,28,NL,Hancel Rincon,684516,27144,27144
ATL,Braves,0.0,0.0,0.0,1.0,0.006,0.1007,,0.429733,1.75473,0.369372,0.18,0.17,0.0417423,0.396139,0.122424,0.00538257,0.0103286,3.56035,1.14442,8.29643,2.56396,3.23578,0.874219,0.225755,0.0697683,0.15598684549331665,,0.22773,0.276692,0.71949,3.44817,0.0,,0.0,,0.0,0.0,0.0,214.39999389648438,/players/robert-suarez/30115/stats/pitching,P,16,16,NL,Robert Suarez,663158,30115,30115
PIT,Pirates,0.0,0.0,0.0,1.0,0.039,0.0807,,0.409269,1.74928,0.342375,0.18,0.17,0.0323826,0.458318,0.170298,0.00611192,0.0458826,3.73837,1.25266,10.0786,3.74492,2.69127,0.712106,0.262004,0.0973531,0.1646505892276764,,0.223323,0.297384,0.711848,3.47584,0.0,,0.0,,0.0,0.0,0.0,728.4099731445312,/players/gregory-soto/19677/stats/pitching,P,27,27,NL,Gregory Soto,642397,19677,19677
TOR,Blue Jays,0.0,0.0,0.0,1.0,0.007,0.0807,,0.379733,1.57673,0.279801,0.15,0.14,0.040435,0.469239,0.173104,0.0114528,0.0148854,3.31812,1.19269,11.1214,4.10271,2.71074,0.958345,0.297603,0.109786,0.18781613558530807,,0.201478,0.272295,0.76434,3.50033,0.0,,0.0,,0.0,0.0,0.0,999.0,/players/braydon-fisher/24609/stats/pitching,P,14,14,AL,Braydon Fisher,680755,24609,24609
MIN,Twins,0.0,0.0,0.0,1.0,0.106,0.055,,0.436121,1.84109,0.417068,0.2,0.19,0.0338284,0.373477,0.140712,0.0137023,0.0207381,3.92093,1.27896,7.70724,2.90381,2.65419,0.6981,0.202856,0.0764286,0.1264270916581154,,0.248307,0.301208,0.700952,3.50853,0.0,,0.0,,0.0,0.0,0.0,999.0,/players/andrew-morris/31891/stats/pitching,P,8,8,AL,Andrew Morris,702193,31891,31891
MIL,Brewers,0.0,0.0,0.0,1.0,0.006,0.072,,0.36165,1.50346,0.309769,0.15,0.14,0.031422,0.347472,0.126051,0.00558759,0.0193763,3.48403,1.20509,8.64716,3.13691,2.75659,0.781966,0.231114,0.0838407,0.1472736969590187,,0.228101,0.284277,0.729451,3.51658,0.0,,0.0,,0.0,0.0,0.0,479.0799865722656,/players/jojo-romero/19574/stats/pitching,P,23,23,NL,JoJo Romero,668941,19574,19574
HOU,Astros,0.0,0.0,0.0,1.0,0.014,0.0853,,0.379733,1.61343,0.329235,0.18,0.17,0.0399268,0.44914,0.162923,0.000916192,0.0162607,4.02915,1.29606,10.645,3.86142,2.75676,0.946299,0.278376,0.100979,0.17739643156528473,,0.229552,0.306088,0.715531,3.51922,0.0,,0.0,,0.0,0.0,0.0,181.6999969482422,/players/bryan-abreu/16609/stats/pitching,P,21,21,AL,Bryan Abreu,650556,16609,16609
STL,Cardinals,0.0,0.0,0.0,1.0,0.0,0.0044,,0.314031,1.34201,0.280399,0.15,0.14,0.024974,0.329148,0.140138,0.0074644,0.0149153,4.01234,1.33916,9.43324,4.0163,2.34874,0.715745,0.245264,0.104424,0.14084035903215408,,0.236233,0.306692,0.701648,3.52113,0.0,,0.0,,0.0,0.0,0.0,528.7999877929688,/players/matt-svanson/29629/stats/pitching,P,28,28,NL,Matt Svanson,694335,29629,29629
CIN,Reds,0.0,0.0,0.0,1.0,0.007,0.084,,0.345212,1.44169,0.296564,0.14,0.13,0.0226243,0.298444,0.133641,0.00468848,0.0166287,3.38922,1.2462,7.78071,3.48415,2.23317,0.589836,0.207009,0.0926973,0.1143118292093277,,0.229641,0.282308,0.728187,3.53113,0.0,,0.0,,0.0,0.0,0.0,999.0,/players/graham-ashcraft/27552/stats/pitching,P,18,18,NL,Graham Ashcraft,668933,27552,27552
PHI,Phillies,0.0,0.0,0.0,1.0,0.013,0.0834,,0.266412,1.14051,0.244084,0.13,0.12,0.0195974,0.261591,0.111989,0.00773498,0.0187375,4.05387,1.33655,8.83713,3.78323,2.33587,0.662046,0.229363,0.0981918,0.13117145001888275,,0.241719,0.308109,0.687912,3.56685,0.0,,0.0,,0.0,0.0,0.0,746.0700073242188,/players/jose-alvarado/17780/stats/pitching,P,26,26,NL,José Alvarado,621237,17780,17780
PHI,Phillies,0.0,0.0,0.0,1.0,0.0,0.077,,0.266412,1.1119,0.264628,0.12,0.11,0.0226005,0.207008,0.0750999,0.0090856,0.00707877,3.71605,1.2752,6.9932,2.53705,2.75644,0.763495,0.186175,0.0675418,0.11863286793231964,,0.256989,0.30249,0.7132,3.57647,0.0,,0.0,,0.0,0.0,0.0,999.0,/players/tim-mayza/15042/stats/pitching,P,26,26,NL,Tim Mayza,641835,15042,15042
TEX,Rangers,0.0,0.0,0.0,1.0,0.174,0.0157,,0.429733,1.78876,0.328024,0.18,0.17,0.0424222,0.468255,0.184558,0.00760593,0.013305,3.56035,1.19279,9.80678,3.86525,2.53716,0.888458,0.261777,0.103177,0.15859989821910858,,0.206188,0.264393,0.733867,3.58764,0.0,,0.0,,0.0,0.0,0.0,730.9299926757812,/players/jacob-latz/21306/stats/pitching,P,13,13,AL,Jacob Latz,656641,21306,21306
TBR,Rays,0.0,0.0,0.0,1.0,0.0,0.0705,,0.379733,1.59232,0.343573,0.17,0.16,0.0347177,0.362488,0.13297,0.0123535,0.0203508,3.79214,1.25494,8.59128,3.15151,2.72609,0.822839,0.227647,0.083507,0.14414045214653015,,0.238758,0.296464,0.716325,3.59295,0.0,,0.0,,0.0,0.0,0.0,999.0,/players/manuel-rodriguez/20794/stats/pitching,P,12,12,AL,Manuel Rodríguez,655889,20794,20794
STL,Cardinals,0.0,0.0,0.0,1.0,0.0,0.0652,,0.314031,1.34348,0.267362,0.15,0.14,0.0265917,0.34542,0.152636,0.0126857,0.0160259,4.01234,1.33744,9.89959,4.37449,2.26302,0.762107,0.257108,0.113612,0.1434953585267067,,0.227577,0.299911,0.70538,3.61447,0.0,,0.0,,0.0,0.0,0.0,999.0,/players/cade-winquest/31850/stats/pitching,P,28,28,NL,Cade Winquest,685464,31850,31850
CHW,White Sox,0.0,0.0,0.0,1.0,0.013,0.0713,,0.45235,1.88552,0.401845,0.21,0.2,0.0486243,0.445608,0.142649,0.00725524,0.028516,3.97922,1.2037,8.86587,2.83816,3.12381,0.967434,0.236332,0.0756551,0.16067668795585632,,0.2344,0.289496,0.702099,3.66468,0.0,,0.0,,0.0,0.0,0.0,999.0,/players/sean-newcomb/16943/stats/pitching,P,4,4,AL,Sean Newcomb,656794,16943,16943
DET,Tigers,0.0,0.0,0.0,1.0,0.0,0.0434,,0.329733,1.42907,0.323289,0.17,0.16,0.0257839,0.306149,0.113208,0.00667636,0.0422924,4.36717,1.32379,8.35628,3.08998,2.70431,0.703766,0.214229,0.0792178,0.1350116804242134,,0.253845,0.315945,0.665578,3.67668,0.0,,0.0,,0.0,0.0,0.0,999.0,/players/brant-hurter/30133/stats/pitching,P,6,6,AL,Brant Hurter,676428,30133,30133
MIN,Twins,0.0,0.0,0.0,1.0,0.019,0.097,,0.436121,1.83024,0.385069,0.21,0.2,0.046038,0.436853,0.153495,0.00617372,0.0280783,4.1273,1.2349,9.0151,3.1676,2.84603,0.950062,0.238685,0.083866,0.15481943637132645,,0.233563,0.290819,0.693011,3.72027,0.0,,0.0,,0.0,0.0,0.0,999.0,/players/aj-minter/18655/stats/pitching,P,8,8,AL,A.J. Minter,621345,18655,18655
TEX,Rangers,0.0,0.0,0.0,1.0,0.012,0.0781,,0.429733,1.8083,0.391286,0.2,0.19,0.0463132,0.41342,0.140813,0.00549146,0.0236585,3.97921,1.23821,8.65835,2.94908,2.93595,0.969948,0.228624,0.0778704,0.15075334906578064,,0.238034,0.291339,0.710736,3.72744,0.0,,0.0,,0.0,0.0,0.0,232.1199951171875,/players/robert-garcia/23363/stats/pitching,P,13,13,AL,Robert Garcia,676395,23363,23363
ATL,Braves,0.0,0.0,0.0,1.0,0.0,0.0271,,0.429733,1.8362,0.376514,0.2,0.19,0.0396772,0.432213,0.179437,0.0127427,0.0275036,3.97921,1.29371,9.05195,3.75799,2.40872,0.830969,0.235385,0.0977218,0.13766273856163025,,0.231095,0.291036,0.711329,3.73571,0.0,,0.0,,0.0,0.0,0.0,999.0,/players/ray-kerr/23809/stats/pitching,P,16,16,NL,Ray Kerr,678061,23809,23809
CHW,White Sox,0.0,0.0,0.0,1.0,0.006,0.0677,,0.45235,1.9372,0.406068,0.21,0.2,0.0400494,0.446603,0.175361,0.00295725,0.0483115,3.97922,1.28535,8.88566,3.48899,2.54677,0.796826,0.23054,0.0905225,0.14001771807670593,,0.236977,0.298333,0.706999,3.76208,0.0,,0.0,,0.0,0.0,0.0,999.0,/players/jordan-hicks/19618/stats/pitching,P,4,4,AL,Jordan Hicks,663855,19618,19618
PIT,Pirates,0.0,0.0,0.0,1.0,0.0,0.0605,,0.409269,1.72836,0.36776,0.2,0.19,0.0481461,0.419961,0.141384,0.00809662,0.0204162,4.17818,1.24403,9.23513,3.10909,2.97036,1.05875,0.242982,0.0818021,0.1611800566315651,,0.234756,0.290966,0.699833,3.76537,0.0,,0.0,,0.0,0.0,0.0,999.0,/players/brandon-eisert/27668/stats/pitching,P,27,27,NL,Brandon Eisert,685126,27668,27668
PIT,Pirates,0.0,0.0,0.0,1.0,0.007,0.0774,,0.409269,1.74837,0.339614,0.19,0.18,0.0427604,0.46046,0.170708,0.00825131,0.0417605,3.95828,1.24691,10.1257,3.75395,2.69735,0.940319,0.263365,0.0976383,0.1657261848449707,,0.221117,0.287459,0.711104,3.76781,0.0,,0.0,,0.0,0.0,0.0,999.0,/players/yohan-ramirez/19444/stats/pitching,P,27,27,NL,Yohan Ramírez,670990,19444,19444
STL,Cardinals,0.0,0.0,0.0,1.0,0.0,0.0457,,0.314031,1.34932,0.296834,0.16,0.15,0.0238311,0.272015,0.122735,0.0145667,0.0293141,4.29894,1.33608,7.79584,3.51753,2.21628,0.68299,0.201594,0.0909607,0.11063358932733536,,0.247926,0.302858,0.672101,3.80899,0.0,,0.0,,0.0,0.0,0.0,999.0,/players/justin-bruihl/23779/stats/pitching,P,28,28,NL,Justin Bruihl,677865,23779,23779
DET,Tigers,0.0,0.0,0.0,1.0,0.0,0.0039,,0.329733,1.41572,0.298554,0.17,0.16,0.0425985,0.390468,0.132466,0.00612629,0.0216233,4.36717,1.30718,10.6577,3.61563,2.94769,1.16272,0.275808,0.0935677,0.18224060535430908,,0.236641,0.308914,0.702834,3.81534,0.0,,0.0,,0.0,0.0,0.0,209.0,/players/jack-flaherty/17479/stats/pitching,P,6,6,AL,Jack Flaherty,656427,17479,17479
ATL,Braves,0.0,0.0,0.0,1.0,0.0,0.0044,,0.429733,1.85529,0.324016,0.22,0.21,0.0439112,0.544143,0.248841,0.00684817,0.0269596,4.39808,1.33305,11.3961,5.21154,2.18671,0.919642,0.293293,0.134126,0.15916761755943298,,0.20514,0.282525,0.690008,3.82359,2.0,,2.0,,0.0,0.0,0.0,999.0,/players/james-karinchak/20151/stats/pitching,P,16,16,NL,James Karinchak,675916,20151,20151
PIT,Pirates,0.0,0.0,0.0,1.0,0.127,0.042,,0.409269,1.70044,0.341301,0.19,0.18,0.0531759,0.429371,0.143018,0.00413811,0.0121272,3.95828,1.18338,9.44205,3.14503,3.00222,1.16936,0.252506,0.0841067,0.16839970648288727,,0.220865,0.271114,0.718074,3.83038,0.0,,0.0,,0.0,0.0,0.0,733.510009765625,/players/luke-weaver/16918/stats/pitching,P,27,27,NL,Luke Weaver,596133,16918,16918
COL,Rockies,0.0,0.0,0.0,1.0,0.0,0.0383,,0.456888,1.948,0.373886,0.22,0.21,0.0511758,0.527244,0.207152,0.00972347,0.0336295,4.13668,1.27173,10.3859,4.08058,2.5452,1.00809,0.270659,0.106341,0.16431818157434464,,0.219003,0.285889,0.708763,3.83145,2.0,,2.0,,0.0,0.0,0.0,999.0,/players/nick-frasso/27861/stats/pitching,P,19,19,NL,Nick Frasso,693308,27861,27861
STL,Cardinals,0.0,0.0,0.0,1.0,0.194,0.0198,,0.314031,1.37021,0.278793,0.16,0.15,0.0258733,0.333931,0.15922,0.00890946,0.0286229,4.29894,1.39481,9.57034,4.56319,2.09729,0.741518,0.243708,0.116201,0.12750647217035294,,0.235792,0.307477,0.691936,3.84114,0.0,,0.0,,0.0,0.0,0.0,264.0400085449219,/players/riley-obrien/20348/stats/pitching,P,28,28,NL,Riley O'Brien,676617,20348,20348
HOU,Astros,0.0,0.0,0.0,1.0,0.007,0.0843,,0.379733,1.6244,0.379808,0.2,0.19,0.0461509,0.368138,0.129036,0.00379221,0.0102942,4.50316,1.34001,8.72518,3.05826,2.85299,1.09382,0.226629,0.0794358,0.14719367027282715,,0.255751,0.311601,0.69523,3.84407,0.0,,0.0,,0.0,0.0,0.0,999.0,/players/bennett-sousa/21345/stats/pitching,P,21,21,AL,Bennett Sousa,656986,21345,21345
MIL,Brewers,0.0,0.0,0.0,1.0,0.0,0.0039,,0.36165,1.54328,0.338772,0.17,0.16,0.0362387,0.333613,0.131056,0.0081947,0.0239394,3.98175,1.29912,8.30228,3.26145,2.54558,0.901834,0.216172,0.0849203,0.1312512308359146,,0.244022,0.297057,0.715419,3.84573,0.0,,0.0,,0.0,0.0,0.0,748.489990234375,/players/jared-koenig/27517/stats/pitching,P,23,23,NL,Jared Koenig,657649,27517,27517
TOR,Blue Jays,0.0,0.0,0.0,1.0,0.014,0.1016,,0.379733,1.55879,0.368239,0.17,0.16,0.0424297,0.261659,0.0754313,0.00550756,0.0112102,3.79214,1.16837,6.20153,1.78779,3.46883,1.00562,0.16786,0.0483909,0.11946900933980942,,0.250137,0.278932,0.712185,3.86123,0.0,,0.0,,0.0,0.0,0.0,743.280029296875,/players/tyler-rogers/15541/stats/pitching,P,14,14,AL,Tyler Rogers,643511,15541,15541
CIN,Reds,0.0,0.0,0.0,1.0,0.188,0.0163,,0.345212,1.41435,0.268173,0.14,0.13,0.0409071,0.329036,0.121564,0.00351471,0.0112265,3.38922,1.12898,8.57828,3.1693,2.70668,1.06649,0.232641,0.0859504,0.14669013023376465,,0.209254,0.249299,0.751163,3.89049,0.0,,0.0,,0.0,0.0,0.0,111.94000244140625,/players/emilio-pagan/14771/stats/pitching,P,18,18,NL,Emilio Pagán,641941,14771,14771
STL,Cardinals,0.0,0.0,0.0,1.0,0.0,0.0044,,0.314031,1.36729,0.282221,0.16,0.15,0.029519,0.332222,0.159772,0.0175234,0.0173834,4.29894,1.40748,9.52135,4.57899,2.07936,0.846002,0.242979,0.116853,0.12612610310316086,,0.237135,0.305052,0.70381,3.90084,0.0,,0.0,,0.0,0.0,0.0,999.0,/players/brycen-mautz/31910/stats/pitching,P,28,28,NL,Brycen Mautz,802408,31910,31910
ATL,Braves,0.0,0.0,0.0,1.0,0.0,0.0044,,0.429733,1.80473,0.361971,0.2,0.19,0.0468525,0.413684,0.166094,0.0111233,0.0220753,3.97921,1.22882,8.66389,3.47855,2.49066,0.981243,0.229223,0.0920328,0.1371898502111435,,0.223914,0.272588,0.709373,3.90797,0.0,,0.0,,0.0,0.0,0.0,999.0,/players/owen-murphy/31761/stats/pitching,P,16,16,NL,Owen Murphy,702566,31761,31761
PHI,Phillies,0.0,0.0,0.0,1.0,0.006,0.0795,,0.266412,1.12232,0.241098,0.13,0.12,0.0303516,0.248496,0.0979891,0.00459941,0.00852903,4.05387,1.27279,8.39475,3.31029,2.53595,1.02535,0.221412,0.0873091,0.13410264253616333,,0.237346,0.285967,0.704958,3.91733,0.0,,0.0,,0.0,0.0,0.0,999.0,/players/jonathan-bowlan/24607/stats/pitching,P,26,26,NL,Jonathan Bowlan,680742,24607,24607
DET,Tigers,0.0,0.0,0.0,1.0,0.012,0.0898,,0.329733,1.39714,0.282033,0.16,0.15,0.0369942,0.337765,0.134618,0.00579401,0.0199554,4.09422,1.2636,9.21924,3.67438,2.50906,1.00975,0.241755,0.0963528,0.14540211856365204,,0.226976,0.282366,0.703425,3.91846,0.0,,0.0,,0.0,0.0,0.0,999.0,/players/tyler-kinley/18297/stats/pitching,P,6,6,AL,Tyler Kinley,641755,18297,18297
ATL,Braves,0.0,0.0,0.0,1.0,0.0,0.0425,,0.429733,1.82535,0.419861,0.21,0.2,0.040263,0.323591,0.131688,0.00644294,0.0279419,4.18865,1.28347,6.77704,2.75797,2.45726,0.843238,0.177276,0.0721437,0.1051318421959877,,0.252059,0.291578,0.689746,3.92869,0.0,,0.0,,0.0,0.0,0.0,999.0,/players/brent-suter/13942/stats/pitching,P,16,16,NL,Brent Suter,608718,13942,13942
STL,Cardinals,0.0,0.0,0.0,1.0,0.021,0.0833,,0.314031,1.34313,0.264669,0.16,0.15,0.0360172,0.349489,0.156834,0.0054803,0.00738818,4.29894,1.34224,10.0162,4.4948,2.2284,1.03224,0.260204,0.116767,0.14343681186437607,,0.224503,0.288191,0.70471,3.93633,0.0,,0.0,,0.0,0.0,0.0,745.9000244140625,/players/ryne-stanek/15947/stats/pitching,P,28,28,NL,Ryne Stanek,592773,15947,15947
PIT,Pirates,0.0,0.0,0.0,1.0,0.0,0.0416,,0.409269,1.77926,0.350674,0.2,0.19,0.0384139,0.439487,0.198652,0.0099453,0.0426069,4.17818,1.34221,9.66451,4.36845,2.21234,0.844739,0.247006,0.111649,0.1353568211197853,,0.228007,0.294558,0.704931,3.94327,0.0,,0.0,,0.0,0.0,0.0,999.0,/players/evan-sisk/24995/stats/pitching,P,27,27,NL,Evan Sisk,681895,24995,24995
TOR,Blue Jays,0.0,0.0,0.0,1.0,0.0,0.0045,,0.379733,1.61766,0.342628,0.18,0.17,0.0469563,0.383111,0.142024,0.0124341,0.0204409,4.02915,1.2763,9.08006,3.36608,2.69752,1.11291,0.23683,0.0877957,0.14903461933135986,,0.235451,0.288424,0.727243,3.97555,0.0,,0.0,,0.0,0.0,0.0,999.0,/players/chase-lee/29574/stats/pitching,P,14,14,AL,Chase Lee,695445,29574,29574
WSN,Nationals,0.0,0.0,0.0,1.0,0.0,0.0041,,0.45235,1.9507,0.417609,0.23,0.22,0.0518179,0.464309,0.190422,0.0140572,0.0268302,4.37714,1.34416,9.23794,3.78865,2.43832,1.03097,0.238023,0.0976173,0.14040522277355194,,0.240913,0.30049,0.705959,3.97943,0.0,,0.0,,0.0,0.0,0.0,999.0,/players/jake-bird/21267/stats/pitching,P,24,24,NL,Jake Bird,656234,21267,21267
TBR,Rays,0.0,0.0,0.0,1.0,0.015,0.0944,,0.379733,1.62347,0.412534,0.21,0.2,0.0434535,0.28975,0.095169,0.0100703,0.0215102,4.74017,1.337,6.86732,2.25559,3.04458,1.02989,0.178476,0.0586208,0.11985509470105171,,0.273783,0.314489,0.666199,3.98564,0.0,,0.0,,0.0,0.0,0.0,999.0,/players/kevin-kelly/25679/stats/pitching,P,12,12,AL,Kevin Kelly,687330,25679,25679
TEX,Rangers,0.0,0.0,0.0,1.0,0.0,0.0264,,0.429733,1.85062,0.390005,0.21,0.2,0.0459199,0.411191,0.177501,0.00807843,0.0260886,4.18865,1.3206,8.61167,3.71744,2.31656,0.961711,0.222191,0.0959143,0.12627678364515305,,0.236793,0.289167,0.710439,3.99901,0.0,,0.0,,0.0,0.0,0.0,999.0,/players/robby-ahlstrom/30167/stats/pitching,P,13,13,AL,Robby Ahlstrom,695239,30167,30167
MIN,Twins,0.0,0.0,0.0,1.0,0.006,0.0783,,0.436121,1.87871,0.416486,0.22,0.21,0.0378649,0.367103,0.180976,0.00538417,0.0331516,4.33366,1.36995,7.57571,3.73471,2.02846,0.781399,0.195401,0.0963299,0.09907134622335434,,0.250204,0.300584,0.693289,4.02044,0.0,,0.0,,0.0,0.0,0.0,748.510009765625,/players/kody-funderburk/24993/stats/pitching,P,8,8,AL,Kody Funderburk,681892,24993,24993
TEX,Rangers,0.0,0.0,0.0,1.0,0.0,0.0412,,0.429733,1.82109,0.383541,0.21,0.2,0.0544146,0.422798,0.150961,0.00372152,0.0271077,4.18865,1.2438,8.85476,3.16161,2.80072,1.13962,0.232167,0.0828957,0.14927159994840622,,0.233436,0.282315,0.708022,4.0238,0.0,,0.0,,0.0,0.0,0.0,999.0,/players/peyton-gray/25310/stats/pitching,P,13,13,AL,Peyton Gray,682608,25310,25310
TEX,Rangers,0.0,0.0,0.0,1.0,0.0,0.0612,,0.429733,1.83288,0.400873,0.21,0.2,0.0502887,0.388526,0.148214,0.00432465,0.0251678,4.18865,1.27774,8.13699,3.10407,2.62139,1.05321,0.211976,0.0808639,0.1311120241880417,,0.241563,0.287204,0.708375,4.02577,0.0,,0.0,,0.0,0.0,0.0,999.0,/players/trevor-williams/16977/stats/pitching,P,13,13,AL,Trevor Williams,592866,16977,16977
TEX,Rangers,0.0,0.0,0.0,1.0,0.0,0.0743,,0.429733,1.81008,0.403948,0.21,0.2,0.048885,0.342683,0.122306,0.00599469,0.0276239,4.18865,1.22461,7.17688,2.56148,2.80185,1.02381,0.189319,0.0675694,0.12174955755472183,,0.24332,0.279889,0.69079,4.03294,0.0,,0.0,,0.0,0.0,0.0,999.0,/players/tyler-alexander/17735/stats/pitching,P,13,13,AL,Tyler Alexander,641302,17735,17735
KCR,Royals,0.0,0.0,0.0,1.0,0.007,0.0825,,0.379733,1.66604,0.368695,0.2,0.19,0.03072,0.315461,0.175013,0.00806336,0.0221125,4.50316,1.43182,7.4767,4.14796,1.8025,0.728091,0.189348,0.105048,0.08430080860853195,,0.250999,0.30103,0.686455,4.04985,0.0,,0.0,,0.0,0.0,0.0,999.0,/players/nolan-hoffman/23381/stats/pitching,P,7,7,AL,Nolan Hoffman,676510,23381,23381
CHW,White Sox,0.0,0.0,0.0,1.0,0.0,0.0585,,0.45235,1.91754,0.414057,0.22,0.21,0.0454528,0.371455,0.164358,0.00161215,0.0293289,4.17818,1.27869,7.3905,3.27008,2.26004,0.904333,0.193714,0.0857127,0.10800127685070038,,0.240192,0.282034,0.696247,4.05076,0.0,,0.0,,0.0,0.0,0.0,999.0,/players/huascar-brazoban/6107/stats/pitching,P,4,4,AL,Huascar Brazobán,623211,6107,6107
ATH,Athletics,0.0,0.0,0.0,1.0,0.0,0.0041,,0.429733,1.89904,0.448005,0.24,0.23,0.0490243,0.412432,0.172586,0.012566,0.0261019,4.81694,1.44413,8.63766,3.61451,2.38971,1.02673,0.217179,0.0908807,0.12629828602075577,,0.263478,0.322045,0.689531,4.05293,0.0,,0.0,,0.0,0.0,0.0,999.0,/players/drew-rom/24602/stats/pitching,P,10,10,AL,Drew Rom,680723,24602,24602
TOR,Blue Jays,0.0,0.0,0.0,1.0,0.0,0.0303,,0.379733,1.66831,0.310183,0.18,0.17,0.0396578,0.459505,0.235277,0.00905287,0.0197239,4.02915,1.43643,10.8907,5.57626,1.95304,0.939923,0.275432,0.141027,0.13440489768981934,,0.219473,0.295932,0.745929,4.05439,0.0,,0.0,,0.0,0.0,0.0,999.0,/players/brendan-cellucci/26318/stats/pitching,P,14,14,AL,Brendan Cellucci,676454,26318,26318
LAA,Angels,0.0,0.0,0.0,1.0,0.0,0.0043,,0.390666,1.64919,0.334881,0.18,0.17,0.0451111,0.362144,0.145583,0.0150196,0.0245577,3.91639,1.22986,8.34293,3.35389,2.48754,1.03925,0.219589,0.0882758,0.13131359219551086,,0.226417,0.270361,0.720005,4.056,0.0,,0.0,,0.0,0.0,0.0,999.0,/players/sammy-peralta/25589/stats/pitching,P,1,1,AL,Sammy Peralta,671111,25589,25589
NYM,Mets,0.0,0.0,0.0,1.0,0.0,0.0452,,0.477481,2.0731,0.437101,0.25,0.23,0.0486338,0.476682,0.225789,0.0116299,0.033784,4.33525,1.38831,8.98494,4.25588,2.11118,0.916695,0.229937,0.108914,0.12102312594652176,,0.241022,0.301555,0.694163,4.06065,0.0,,0.0,,0.0,0.0,0.0,999.0,/players/jonathan-pintaro/33980/stats/pitching,P,25,25,NL,Jonathan Pintaro,702752,33980,33980
TEX,Rangers,0.0,0.0,0.0,1.0,0.012,0.0938,,0.429733,1.84042,0.356685,0.2,0.19,0.0423989,0.416834,0.19978,0.00410202,0.0317995,3.97921,1.29491,8.72985,4.18403,2.08647,0.887969,0.226488,0.108551,0.11793705075979233,,0.221703,0.273385,0.717079,4.06163,0.0,,0.0,,0.0,0.0,0.0,999.0,/players/chase-silseth/30074/stats/pitching,P,13,13,AL,Chase Silseth,681217,30074,30074
STL,Cardinals,0.0,0.0,0.0,1.0,0.0,0.0793,,0.314031,1.3598,0.290221,0.17,0.16,0.0327873,0.312368,0.148178,0.00733906,0.019072,4.58553,1.39604,8.95235,4.24673,2.10806,0.939669,0.229716,0.10897,0.12074556201696396,,0.243361,0.303794,0.683825,4.06796,0.0,,0.0,,0.0,0.0,0.0,999.0,/players/george-soriano/21863/stats/pitching,P,28,28,NL,George Soriano,666277,21863,21863
PIT,Pirates,0.0,0.0,0.0,1.0,0.0,0.0721,,0.409269,1.74989,0.329043,0.2,0.19,0.0525092,0.475496,0.197858,0.00533808,0.0243277,4.17818,1.28742,10.4564,4.35097,2.40322,1.1547,0.27173,0.113069,0.15866070240736008,,0.215385,0.276618,0.721018,4.07521,0.0,,0.0,,0.0,0.0,0.0,269.42999267578125,/players/kirby-yates/9073/stats/pitching,P,27,27,NL,Kirby Yates,489446,9073,9073
MIL,Brewers,0.0,0.0,0.0,1.0,0.0,0.0407,,0.36165,1.55503,0.338323,0.18,0.17,0.0429799,0.341083,0.140571,0.00599929,0.0186332,4.23061,1.32419,8.48818,3.49824,2.42641,1.0696,0.219342,0.0903976,0.128944031894207,,0.242382,0.29191,0.713825,4.08166,0.0,,0.0,,0.0,0.0,0.0,288.6499938964844,/players/chad-patrick/30113/stats/pitching,P,23,23,NL,Chad Patrick,694477,30113,30113
NYM,Mets,0.0,0.0,0.0,1.0,0.106,0.0489,,0.477481,2.08421,0.433285,0.25,0.23,0.0523148,0.50953,0.246873,0.0131279,0.0225422,4.33525,1.42447,9.60408,4.65329,2.06394,0.986077,0.244471,0.118449,0.12602224946022034,,0.238752,0.304059,0.708759,4.08512,2.0,,2.0,,0.0,0.0,0.0,223.52000427246094,/players/kodai-senga/31838/stats/pitching,P,25,25,NL,Kodai Senga,673540,31838,31838
TOR,Blue Jays,0.0,0.0,0.0,1.0,0.0,0.0045,,0.379733,1.61881,0.315903,0.19,0.18,0.0499661,0.426387,0.169696,0.0101072,0.02267,4.26616,1.27879,10.1057,4.02194,2.51265,1.18424,0.263396,0.104828,0.15856820344924927,,0.221463,0.279908,0.711179,4.08689,0.0,,0.0,,0.0,0.0,0.0,999.0,/players/john-klein/32155/stats/pitching,P,14,14,AL,John Klein,804619,32155,32155
LAA,Angels,0.0,0.0,0.0,1.0,0.155,0.0248,,0.390666,1.66497,0.338417,0.19,0.18,0.0469008,0.392253,0.164401,0.014407,0.0246357,4.14676,1.28708,9.03657,3.78741,2.38595,1.08048,0.235592,0.0987414,0.13685066252946854,,0.22929,0.281175,0.715574,4.10652,0.0,,0.0,,0.0,0.0,0.0,999.0,/players/ryan-watson/27853/stats/pitching,P,1,1,AL,Ryan Watson,670245,27853,27853
TEX,Rangers,0.0,0.0,0.0,1.0,0.006,0.0811,,0.429733,1.82219,0.424391,0.22,0.21,0.0491867,0.315639,0.11536,0.00292231,0.02628,4.39808,1.25601,6.61051,2.41601,2.73613,1.03013,0.17322,0.0633084,0.10991150140762329,,0.252531,0.28517,0.679036,4.11006,0.0,,0.0,,0.0,0.0,0.0,999.0,/players/jakob-junis/13619/stats/pitching,P,13,13,AL,Jakob Junis,596001,13619,13619
MIN,Twins,0.0,0.0,0.0,1.0,0.0,0.0475,,0.436121,1.89203,0.421605,0.23,0.22,0.0453306,0.381446,0.187091,0.0106491,0.0173259,4.54002,1.3957,7.8717,3.8609,2.03883,0.935463,0.201607,0.0988839,0.1027233824133873,,0.249824,0.298433,0.694558,4.1104,0.0,,0.0,,0.0,0.0,0.0,999.0,/players/travis-adams/30180/stats/pitching,P,8,8,AL,Travis Adams,701519,30180,30180
TBR,Rays,0.0,0.0,0.0,1.0,0.0,0.0047,,0.379733,1.62345,0.377977,0.2,0.19,0.0511763,0.345206,0.121322,0.0148451,0.0160944,4.50316,1.31487,8.18169,2.87543,2.84538,1.21292,0.212638,0.074731,0.13790703564882278,,0.254354,0.299914,0.699865,4.12177,0.0,,0.0,,0.0,0.0,0.0,999.0,/players/mason-englert/22288/stats/pitching,P,12,12,AL,Mason Englert,669438,22288,22288
CIN,Reds,0.0,0.0,0.0,1.0,0.013,0.085,,0.345212,1.4702,0.324939,0.17,0.16,0.0371838,0.280445,0.122333,0.0158639,0.020865,4.17135,1.29564,7.31146,3.18934,2.29247,0.969416,0.190753,0.0832086,0.10754432529211044,,0.244867,0.285083,0.701573,4.12223,0.0,,0.0,,0.0,0.0,0.0,999.0,/players/brock-burke/17968/stats/pitching,P,18,18,NL,Brock Burke,656271,17968,17968
PIT,Pirates,0.0,0.0,0.0,1.0,0.0,0.004,,0.409269,1.78032,0.378448,0.21,0.2,0.046138,0.403645,0.182829,0.0113145,0.0258596,4.39809,1.37141,8.87633,4.02049,2.20777,1.01459,0.226726,0.102695,0.12403181940317154,,0.2408,0.296217,0.707245,4.12502,0.0,,0.0,,0.0,0.0,0.0,999.0,/players/hunter-barco/33174/stats/pitching,P,27,27,NL,Hunter Barco,682995,33174,33174
DET,Tigers,0.0,0.0,0.0,1.0,0.159,0.0164,,0.329733,1.39767,0.279202,0.17,0.16,0.0406328,0.322708,0.131776,0.00443144,0.019826,4.36717,1.2464,8.80824,3.59681,2.4489,1.10906,0.230889,0.0942828,0.1366063356399536,,0.224066,0.270263,0.680553,4.12621,0.0,,0.0,,0.0,0.0,0.0,133.02000427246094,/players/kenley-jansen/3096/stats/pitching,P,6,6,AL,Kenley Jansen,445276,3096,3096
TBR,Rays,0.0,0.0,0.0,1.0,0.0,0.0304,,0.379733,1.64164,0.410921,0.22,0.2,0.04698,0.309363,0.115663,0.00398387,0.0168919,4.74017,1.38672,7.33216,2.74131,2.67469,1.11347,0.188448,0.0704559,0.11799173057079315,,0.272298,0.315718,0.665312,4.12849,0.0,,0.0,,0.0,0.0,0.0,712.989990234375,/players/steven-matz/13361/stats/pitching,P,12,12,AL,Steven Matz,571927,13361,13361
WSN,Nationals,0.0,0.0,0.0,1.0,0.015,0.0679,,0.45235,1.90549,0.395807,0.22,0.21,0.0607519,0.448676,0.172638,0.00690531,0.018294,4.17818,1.25665,8.92691,3.43481,2.59895,1.20873,0.235465,0.0905999,0.14486464858055115,,0.23085,0.278023,0.720833,4.13074,0.0,,0.0,,0.0,0.0,0.0,999.0,/players/will-dion/30061/stats/pitching,P,24,24,NL,Will Dion,702021,30061,30061
PHI,Phillies,0.0,0.0,0.0,1.0,0.0,0.0436,,0.266412,1.13222,0.264314,0.14,0.13,0.0320335,0.205898,0.0774428,0.00708214,0.0139149,4.39169,1.28281,6.95569,2.61619,2.65871,1.08216,0.181853,0.068399,0.11345398426055908,,0.253937,0.28929,0.679522,4.14847,0.0,,0.0,,0.0,0.0,0.0,999.0,/players/tanner-banks/16990/stats/pitching,P,26,26,NL,Tanner Banks,621383,16990,16990
NYM,Mets,0.0,0.0,0.0,1.0,0.007,0.1022,,0.477481,2.07463,0.472103,0.27,0.25,0.0630419,0.470647,0.186543,0.0193848,0.0219787,4.71223,1.37942,8.87119,3.51613,2.523,1.18827,0.226859,0.0899163,0.13694234937429428,,0.252988,0.307006,0.681372,4.15745,0.0,,0.0,,0.0,0.0,0.0,999.0,/players/dedniel-nunez/23055/stats/pitching,P,25,25,NL,Dedniel Núñez,673380,23055,23055
NYM,Mets,0.0,0.0,0.0,1.0,0.0,0.0658,,0.477481,2.09713,0.472582,0.25,0.23,0.0396264,0.389999,0.216717,0.00781241,0.0400225,4.33525,1.44362,7.35106,4.08488,1.79958,0.746915,0.185968,0.10334,0.08262817561626434,,0.256784,0.306894,0.693096,4.16069,0.0,,0.0,,0.0,0.0,0.0,999.0,/players/cionel-perez/19614/stats/pitching,P,25,25,NL,Cionel Pérez,672335,19614,19614
TBR,Rays,0.0,0.0,0.0,1.0,0.208,0.0181,,0.379733,1.61348,0.344282,0.2,0.19,0.0486866,0.363471,0.155201,0.00882428,0.0102047,4.50316,1.31535,8.61457,3.67839,2.34194,1.15392,0.225271,0.0961902,0.12908128648996353,,0.237752,0.285347,0.694338,4.16147,0.0,,0.0,,0.0,0.0,0.0,999.0,/players/bryan-baker/19804/stats/pitching,P,12,12,AL,Bryan Baker,641329,19804,19804
COL,Rockies,0.0,0.0,0.0,1.0,0.151,0.0204,,0.456888,1.93694,0.37813,0.23,0.22,0.06825,0.531607,0.186172,0.00866457,0.034458,4.33367,1.2351,10.4719,3.66731,2.85546,1.34442,0.274457,0.0961164,0.1783403754234314,,0.220315,0.277556,0.713174,4.16585,2.0,,2.0,,0.0,0.0,0.0,688.9600219726562,/players/jordan-romano/16122/stats/pitching,P,19,19,NL,Jordan Romano,605447,16122,16122
KCR,Royals,0.0,0.0,0.0,1.0,0.096,0.0522,,0.379733,1.63406,0.34694,0.19,0.18,0.0393147,0.321955,0.161569,0.00667252,0.0175979,4.26616,1.33912,7.63062,3.82933,1.99268,0.931792,0.197027,0.0988757,0.0981517881155014,,0.238464,0.28129,0.702384,4.168,0.0,,0.0,,0.0,0.0,0.0,999.0,/players/steven-cruz/23165/stats/pitching,P,7,7,AL,Steven Cruz,674444,23165,23165
STL,Cardinals,0.0,0.0,0.0,1.0,0.021,0.0953,,0.314031,1.36348,0.302275,0.17,0.16,0.0323068,0.275415,0.148162,0.00770343,0.00813401,4.58553,1.43437,7.89327,4.24626,1.85888,0.925899,0.201994,0.108665,0.09332965314388275,,0.250398,0.300145,0.692083,4.17877,0.0,,0.0,,0.0,0.0,0.0,999.0,/players/gordon-graceffo/29519/stats/pitching,P,28,28,NL,Gordon Graceffo,700669,29519,29519
HOU,Astros,0.0,0.0,0.0,1.0,0.0,0.0813,,0.379733,1.63321,0.302054,0.19,0.18,0.043239,0.419167,0.204045,0.00470123,0.0249226,4.26616,1.33278,9.93462,4.83605,2.05428,1.0248,0.256653,0.124935,0.13171730935573578,,0.215102,0.2748,0.709436,4.18379,0.0,,0.0,,0.0,0.0,0.0,999.0,/players/miguel-ullola/29036/stats/pitching,P,21,21,AL,Miguel Ullola,699044,29036,29036
COL,Rockies,0.0,0.0,0.0,1.0,0.012,0.084,,0.456888,2.00859,0.399353,0.23,0.22,0.0498082,0.504902,0.240271,0.0117368,0.0457133,4.33367,1.39996,9.94581,4.73297,2.10139,0.981146,0.251371,0.119621,0.13174958527088165,,0.23183,0.299294,0.718774,4.18715,2.0,,2.0,,0.0,0.0,0.0,748.510009765625,/players/juan-mejia/23237/stats/pitching,P,19,19,NL,Juan Mejia,675848,23237,23237
PIT,Pirates,0.0,0.0,0.0,1.0,0.0,0.0266,,0.409269,1.75113,0.35075,0.21,0.2,0.054967,0.436987,0.183341,0.00559323,0.0179425,4.39809,1.30499,9.60952,4.03174,2.38347,1.20875,0.249545,0.104698,0.14484680444002151,,0.226312,0.279595,0.708957,4.18825,0.0,,0.0,,0.0,0.0,0.0,999.0,/players/lake-bachar/19222/stats/pitching,P,27,27,NL,Lake Bachar,669199,19222,19222
NYM,Mets,0.0,0.0,0.0,1.0,0.0,0.0771,,0.477481,2.07295,0.466587,0.26,0.24,0.0550746,0.431227,0.197717,0.0126084,0.0272061,4.52374,1.39127,8.12816,3.72675,2.18103,1.0381,0.208026,0.0953794,0.11264631152153015,,0.252479,0.302199,0.688529,4.2087,0.0,,0.0,,0.0,0.0,0.0,999.0,/players/austin-warren/24937/stats/pitching,P,25,25,NL,Austin Warren,681810,24937,24937
ATL,Braves,0.0,0.0,0.0,1.0,0.0,0.0657,,0.429733,1.88556,0.399764,0.23,0.22,0.0396713,0.38073,0.210653,0.00729501,0.0311394,4.60751,1.42046,7.97373,4.41175,1.80738,0.830845,0.201919,0.111719,0.09019996225833893,,0.2432,0.294346,0.685587,4.21844,0.0,,0.0,,0.0,0.0,0.0,999.0,/players/victor-mederos/31533/stats/pitching,P,16,16,NL,Victor Mederos,682989,31533,31533
CLE,Guardians,0.0,0.0,0.0,1.0,0.0,0.05,,0.36165,1.54272,0.351041,0.2,0.19,0.0444285,0.293609,0.124307,0.00382627,0.0143323,4.72833,1.31439,7.30674,3.0935,2.36196,1.10565,0.190319,0.0805767,0.10974244028329849,,0.250015,0.287617,0.666463,4.22568,0.0,,0.0,,0.0,0.0,0.0,748.469970703125,/players/shawn-armstrong/12857/stats/pitching,P,5,5,AL,Shawn Armstrong,542888,12857,12857
CLE,Guardians,0.0,0.0,0.0,1.0,0.014,0.0987,,0.36165,1.51171,0.322935,0.18,0.17,0.0470033,0.297429,0.115817,0.00528554,0.0154046,4.23061,1.2132,7.40181,2.88222,2.56809,1.16972,0.19675,0.0766132,0.12013640254735947,,0.233928,0.266328,0.693803,4.23558,0.0,,0.0,,0.0,0.0,0.0,999.0,/players/hunter-gaddis/25636/stats/pitching,P,5,5,AL,Hunter Gaddis,683769,25636,25636
SDP,Padres,0.0,0.0,0.0,1.0,0.0,0.078,,0.436121,1.86475,0.359373,0.21,0.2,0.0469673,0.422354,0.217889,0.0156848,0.0264476,4.1273,1.32363,8.7159,4.49646,1.93839,0.969239,0.226494,0.116847,0.1096477210521698,,0.221779,0.271401,0.717999,4.24619,0.0,,0.0,,0.0,0.0,0.0,999.0,/players/david-morgan/31616/stats/pitching,P,29,29,NL,David Morgan,688158,31616,31616
MIL,Brewers,0.0,0.0,0.0,1.0,0.0,0.0624,,0.36165,1.55577,0.318478,0.18,0.17,0.0388632,0.327989,0.170744,0.00534481,0.0205531,4.23061,1.35275,8.16232,4.24914,1.92094,0.967147,0.210821,0.109749,0.10107201337814331,,0.233407,0.280282,0.71116,4.27231,0.0,,0.0,,0.0,0.0,0.0,999.0,/players/dl-hall/22207/stats/pitching,P,23,23,NL,DL Hall,669084,22207,22207
PHI,Phillies,0.0,0.0,0.0,1.0,0.0,0.0042,,0.266412,1.12972,0.26271,0.14,0.13,0.0303515,0.186583,0.090104,0.00405402,0.00694536,4.39169,1.32432,6.30321,3.04392,2.07076,1.02534,0.165159,0.0797576,0.08540096133947372,,0.254397,0.284844,0.685784,4.27548,0.0,,0.0,,0.0,0.0,0.0,999.0,/players/max-lazar/23426/stats/pitching,P,26,26,NL,Max Lazar,676661,23426,23426
HOU,Astros,0.0,0.0,0.0,1.0,0.0,0.0671,,0.379733,1.63514,0.401353,0.21,0.2,0.0526393,0.312872,0.104489,0.00292539,0.0246144,4.74017,1.3321,7.41534,2.47647,2.99432,1.2476,0.191343,0.0639018,0.12744078785181046,,0.266496,0.305748,0.684586,4.27648,0.0,,0.0,,0.0,0.0,0.0,748.469970703125,/players/bryan-king/25890/stats/pitching,P,21,21,AL,Bryan King,687911,25890,25890
MIL,Brewers,0.0,0.0,0.0,1.0,0.0,0.025,,0.36165,1.54497,0.363319,0.19,0.18,0.0483734,0.293572,0.109021,0.00454034,0.0190301,4.47947,1.30607,7.30581,2.7131,2.6928,1.20382,0.190017,0.0705651,0.11945229023694992,,0.256414,0.292979,0.697795,4.27986,0.0,,0.0,,0.0,0.0,0.0,999.0,/players/bryse-wilson/19990/stats/pitching,P,23,23,NL,Bryse Wilson,669060,19990,19990
DET,Tigers,0.0,0.0,0.0,1.0,0.0,0.0607,,0.329733,1.43729,0.309816,0.18,0.17,0.0389001,0.308227,0.155541,0.00626289,0.0108331,4.64012,1.41132,8.413,4.24547,1.98164,1.06177,0.21445,0.108218,0.1062319427728653,,0.243774,0.293267,0.694474,4.28013,0.0,,0.0,,0.0,0.0,0.0,999.0,/players/beau-brieske/26079/stats/pitching,P,6,6,AL,Beau Brieske,689225,26079,26079
CIN,Reds,0.0,0.0,0.0,1.0,0.007,0.0786,,0.345212,1.47459,0.323612,0.18,0.17,0.0399172,0.276968,0.139395,0.00380338,0.00805754,4.43206,1.34123,7.22081,3.63417,1.98692,1.04068,0.187827,0.0945318,0.09329554438591003,,0.243843,0.280817,0.695139,4.28229,0.0,,0.0,,0.0,0.0,0.0,999.0,/players/pierce-johnson/13435/stats/pitching,P,18,18,NL,Pierce Johnson,572955,13435,13435
DET,Tigers,0.0,0.0,0.0,1.0,0.0,0.0263,,0.329733,1.45681,0.325793,0.19,0.18,0.0391318,0.315578,0.15209,0.00768125,0.0193245,4.91307,1.4493,8.61365,4.15127,2.07494,1.06809,0.216623,0.1044,0.1122235581278801,,0.253458,0.308012,0.680416,4.29054,0.0,,0.0,,0.0,0.0,0.0,999.0,/players/ty-madden/30140/stats/pitching,P,6,6,AL,Ty Madden,680744,30140,30140
CHW,White Sox,0.0,0.0,0.0,1.0,0.044,0.0636,,0.45235,1.94657,0.41792,0.24,0.22,0.0549239,0.405967,0.163029,0.00739912,0.048793,4.37714,1.28429,8.07716,3.24364,2.49015,1.09277,0.208555,0.0837519,0.12480328977108002,,0.240911,0.284958,0.676411,4.29063,0.0,,0.0,,0.0,0.0,0.0,999.0,/players/bryan-hudson/19924/stats/pitching,P,4,4,AL,Bryan Hudson,663542,19924,19924
KCR,Royals,0.0,0.0,0.0,1.0,0.0,0.0043,,0.379733,1.60533,0.322783,0.18,0.17,0.0403786,0.297711,0.15386,0.00884686,0.0205013,4.02915,1.25521,7.056,3.64662,1.93494,0.957007,0.185451,0.0958432,0.08960782736539841,,0.225569,0.258404,0.706103,4.29415,0.0,,0.0,,0.0,0.0,0.0,999.0,/players/tony-gonsolin/19388/stats/pitching,P,7,7,AL,Tony Gonsolin,664062,19388,19388
CIN,Reds,0.0,0.0,0.0,1.0,0.0,0.0692,,0.345212,1.53286,0.307298,0.17,0.16,0.0227146,0.305956,0.218154,0.00687324,0.024693,4.17135,1.52211,7.97655,5.68747,1.40248,0.592191,0.199599,0.142319,0.057280078530311584,,0.238214,0.296028,0.720046,4.29553,0.0,,0.0,,0.0,0.0,0.0,999.0,/players/luis-mey/25620/stats/pitching,P,18,18,NL,Luis Mey,682825,25620,25620
SDP,Padres,0.0,0.0,0.0,1.0,0.0,0.0666,,0.436121,1.81522,0.340389,0.2,0.19,0.0497587,0.374226,0.183474,0.0095353,0.0251664,3.92093,1.20119,7.7227,3.78625,2.03967,1.02684,0.20616,0.101075,0.10508479177951813,,0.211872,0.245757,0.713039,4.30456,0.0,,0.0,,0.0,0.0,0.0,999.0,/players/jason-adam/11861/stats/pitching,P,29,29,NL,Jason Adam,592094,11861,11861
MIN,Twins,0.0,0.0,0.0,1.0,0.0,0.0305,,0.436121,1.88134,0.448748,0.25,0.23,0.0588306,0.357909,0.140686,0.0177978,0.0189123,4.74639,1.35154,7.38599,2.90327,2.54402,1.21406,0.190242,0.0747799,0.11546184867620468,,0.260636,0.298787,0.669402,4.31245,0.0,,0.0,,0.0,0.0,0.0,999.0,/players/jack-anderson/30086/stats/pitching,P,8,8,AL,Jack Anderson,681252,30086,30086
HOU,Astros,0.0,0.0,0.0,1.0,0.007,0.1024,,0.379733,1.62304,0.360042,0.2,0.19,0.0491465,0.328469,0.147297,0.00302816,0.0124817,4.50316,1.33604,7.78501,3.49106,2.22999,1.16481,0.202379,0.0907535,0.11162559688091278,,0.246054,0.286369,0.700833,4.3171,0.0,,0.0,,0.0,0.0,0.0,748.5399780273438,/players/aj-blubaugh/31764/stats/pitching,P,21,21,AL,AJ Blubaugh,805123,31764,31764
TBR,Rays,0.0,0.0,0.0,1.0,0.007,0.1115,,0.379733,1.63503,0.367774,0.21,0.2,0.0552783,0.37202,0.146779,0.00319117,0.016015,4.74017,1.35504,8.81721,3.47879,2.53456,1.31014,0.227531,0.0897714,0.13775964081287384,,0.249806,0.299056,0.696657,4.32147,0.0,,0.0,,0.0,0.0,0.0,999.0,/players/cam-booser/16061/stats/pitching,P,12,12,AL,Cam Booser,592155,16061,16061
TBR,Rays,0.0,0.0,0.0,1.0,0.007,0.0904,,0.379733,1.61248,0.347111,0.2,0.19,0.052884,0.350043,0.147977,0.0126766,0.0108087,4.50316,1.30378,8.29632,3.50717,2.36553,1.2534,0.217083,0.0917695,0.12531384080648422,,0.238778,0.280011,0.700837,4.32358,0.0,,0.0,,0.0,0.0,0.0,999.0,/players/cole-sulser/15256/stats/pitching,P,12,12,AL,Cole Sulser,642121,15256,15256
DET,Tigers,0.0,0.0,0.0,1.0,0.0,0.0723,,0.329733,1.46705,0.313543,0.19,0.18,0.0359125,0.332099,0.175597,0.00427995,0.0251483,4.91307,1.48344,9.06458,4.79288,1.89126,0.980224,0.226371,0.119693,0.1066778302192688,,0.247604,0.309063,0.681625,4.33026,0.0,,0.0,,0.0,0.0,0.0,999.0,/players/jacob-waguespack/18318/stats/pitching,P,6,6,AL,Jacob Waguespack,621097,18318,18318
CIN,Reds,0.0,0.0,0.0,1.0,0.0,0.0043,,0.345212,1.52181,0.318002,0.18,0.17,0.0336759,0.315741,0.190896,0.00777638,0.0166194,4.43206,1.47416,8.23167,4.97684,1.654,0.877961,0.207478,0.12544,0.08203735947608948,,0.241957,0.294677,0.712283,4.34458,0.0,,0.0,,0.0,0.0,0.0,999.0,/players/zach-maxwell/31610/stats/pitching,P,18,18,NL,Zach Maxwell,687209,31610,31610
PHI,Phillies,0.0,0.0,0.0,1.0,0.0,0.0837,,0.266412,1.15076,0.26704,0.15,0.14,0.0316111,0.205011,0.0867572,0.00760885,0.0241552,4.72952,1.32801,6.92574,2.93085,2.36305,1.06789,0.178152,0.075391,0.10276138037443161,,0.256806,0.293103,0.658383,4.35471,0.0,,0.0,,0.0,0.0,0.0,999.0,/players/brooks-raley/10061/stats/pitching,P,26,26,NL,Brooks Raley,548384,10061,10061
KCR,Royals,0.0,0.0,0.0,1.0,0.0,0.0043,,0.379733,1.65862,0.39695,0.21,0.2,0.037038,0.24903,0.140102,0.0126525,0.0241683,4.74017,1.41429,5.90223,3.32054,1.77749,0.877832,0.150143,0.0844693,0.06567399948835373,,0.265634,0.297872,0.674058,4.35646,0.0,,0.0,,0.0,0.0,0.0,999.0,/players/connor-thomas/25873/stats/pitching,P,7,7,AL,Connor Thomas,671162,25873,25873
CLE,Guardians,0.0,0.0,0.0,1.0,0.0,0.0048,,0.36165,1.54183,0.365979,0.2,0.19,0.0486283,0.265928,0.105198,0.00834226,0.0127229,4.72833,1.30285,6.61787,2.61794,2.52789,1.21016,0.172475,0.068229,0.10424643754959106,,0.257024,0.286068,0.672733,4.35786,0.0,,0.0,,0.0,0.0,0.0,584.5599975585938,/players/slade-cecconi/27500/stats/pitching,P,5,5,AL,Slade Cecconi,677944,27500,27500
MIN,Twins,0.0,0.0,0.0,1.0,0.0,0.0677,,0.436121,1.91072,0.422508,0.25,0.23,0.0495171,0.387839,0.190024,0.00835835,0.0365144,4.74639,1.4045,8.00363,3.92142,2.041,1.02186,0.20298,0.0994513,0.10352904349565506,,0.250868,0.299152,0.66739,4.35805,0.0,,0.0,,0.0,0.0,0.0,415.510009765625,/players/taylor-rogers/13449/stats/pitching,P,8,8,AL,Taylor Rogers,573124,13449,13449
COL,Rockies,0.0,0.0,0.0,1.0,0.006,0.0623,,0.456888,1.97889,0.389317,0.23,0.22,0.0527312,0.457835,0.227944,0.00732466,0.0406588,4.33367,1.35101,9.01865,4.49014,2.00854,1.03873,0.23136,0.115188,0.11617200821638107,,0.227633,0.280554,0.712614,4.36222,0.0,,0.0,,0.0,0.0,0.0,999.0,/players/jaden-hill/30250/stats/pitching,P,19,19,NL,Jaden Hill,677955,30250,30250
CLE,Guardians,0.0,0.0,0.0,1.0,0.007,0.0916,,0.36165,1.58042,0.340664,0.2,0.19,0.0362807,0.297626,0.160675,0.013065,0.0327275,4.72833,1.38625,7.40671,3.99854,1.85236,0.902879,0.188321,0.101666,0.08665523678064346,,0.245609,0.289032,0.668831,4.36485,0.0,,0.0,,0.0,0.0,0.0,999.0,/players/tim-herrin/25139/stats/pitching,P,5,5,AL,Tim Herrin,682120,25139,25139
HOU,Astros,0.0,0.0,0.0,1.0,0.0,0.0044,,0.379733,1.6826,0.355889,0.22,0.21,0.0467891,0.409091,0.209014,0.00455148,0.0222376,4.97718,1.48763,9.69581,4.95382,1.95724,1.10894,0.243131,0.124221,0.11890947073698044,,0.245213,0.310508,0.690637,4.37644,0.0,,0.0,,0.0,0.0,0.0,999.0,/players/tatsuya-imai/37124/stats/pitching,P,21,21,AL,Tatsuya Imai,837227,37124,37124
MIN,Twins,0.0,0.0,0.0,1.0,0.0,0.0044,,0.436121,1.88076,0.400658,0.23,0.22,0.0476938,0.359704,0.195009,0.0107425,0.0240711,4.54002,1.36583,7.42301,4.0243,1.84455,0.984231,0.191255,0.103687,0.08756820112466812,,0.241117,0.281409,0.691379,4.38142,0.0,,0.0,,0.0,0.0,0.0,999.0,/players/eric-orze/27626/stats/pitching,P,8,8,AL,Eric Orze,679358,27626,27626
CIN,Reds,0.0,0.0,0.0,1.0,0.007,0.1004,,0.345212,1.5032,0.332907,0.19,0.18,0.0399241,0.297258,0.14892,0.00429871,0.0238758,4.69277,1.39574,7.74978,3.88249,1.99609,1.04086,0.19775,0.0990688,0.09868104010820389,,0.25023,0.294983,0.685148,4.38524,0.0,,0.0,,0.0,0.0,0.0,999.0,/players/tejay-antone/16233/stats/pitching,P,18,18,NL,Tejay Antone,622088,16233,16233
KCR,Royals,0.0,0.0,0.0,1.0,0.027,0.0909,,0.379733,1.65643,0.372191,0.2,0.19,0.0346896,0.258058,0.162567,0.00712163,0.0218337,4.50316,1.40825,6.11619,3.85299,1.58739,0.822173,0.155792,0.0981433,0.05764828622341156,,0.252842,0.286193,0.68853,4.38755,0.0,,0.0,,0.0,0.0,0.0,490.70001220703125,/players/lucas-erceg/19360/stats/pitching,P,7,7,AL,Lucas Erceg,668674,19360,19360
LAA,Angels,0.0,0.0,0.0,1.0,0.018,0.0971,,0.390666,1.68662,0.334533,0.19,0.18,0.0415822,0.365961,0.204717,0.00966254,0.0270322,4.14676,1.38034,8.43087,4.71618,1.78765,0.957953,0.216979,0.121377,0.09560209512710571,,0.22994,0.279713,0.726039,4.39213,0.0,,0.0,,0.0,0.0,0.0,999.0,/players/tayler-saucedo/17888/stats/pitching,P,1,1,AL,Tayler Saucedo,642048,17888,17888
TBR,Rays,0.0,0.0,0.0,1.0,0.0,0.0493,,0.379733,1.69231,0.324302,0.2,0.19,0.0373744,0.405222,0.243716,0.020184,0.0278197,4.50316,1.49583,9.6041,5.77627,1.66268,0.885805,0.239449,0.144014,0.09543538093566895,,0.228258,0.293329,0.713637,4.39276,0.0,,0.0,,0.0,0.0,0.0,999.0,/players/brody-hopkins/33903/stats/pitching,P,12,12,AL,Brody Hopkins,811315,33903,33903
CIN,Reds,0.0,0.0,0.0,1.0,0.0,0.0289,,0.345212,1.51325,0.287685,0.17,0.16,0.0302708,0.32293,0.204497,0.00511212,0.0282976,4.17135,1.42574,8.4191,5.33143,1.57914,0.789188,0.213403,0.135138,0.07826443016529083,,0.224675,0.277611,0.716274,4.39438,0.0,,0.0,,0.0,0.0,0.0,999.0,/players/connor-phillips/27649/stats/pitching,P,18,18,NL,Connor Phillips,683175,27649,27649
CIN,Reds,0.0,0.0,0.0,1.0,0.0,0.0469,,0.345212,1.50238,0.333444,0.18,0.17,0.0376043,0.27311,0.146436,0.00677194,0.0214496,4.43206,1.3901,7.12023,3.81774,1.86504,0.98038,0.181785,0.0974699,0.08431525528430939,,0.249866,0.288969,0.701911,4.39511,0.0,,0.0,,0.0,0.0,0.0,999.0,/players/carson-spiers/27685/stats/pitching,P,18,18,NL,Carson Spiers,686730,27685,27685
WSN,Nationals,0.0,0.0,0.0,1.0,0.097,0.0603,,0.45235,1.97528,0.400886,0.23,0.22,0.0499131,0.432705,0.250527,0.00673846,0.0208734,4.37714,1.44006,8.60915,4.98451,1.72718,0.993076,0.21906,0.126831,0.0922292172908783,,0.235278,0.287386,0.724657,4.42353,0.0,,0.0,,0.0,0.0,0.0,999.0,/players/erik-tolman/32065/stats/pitching,P,24,24,NL,Erik Tolman,680899,32065,32065
CHW,White Sox,0.0,0.0,0.0,1.0,0.0,0.0388,,0.45235,1.89815,0.39888,0.24,0.23,0.0733167,0.432144,0.151874,0.00245963,0.0183078,4.5761,1.21754,8.59798,3.0217,2.84541,1.45872,0.227666,0.0800117,0.14765457063913345,,0.230838,0.266309,0.693476,4.42732,0.0,,0.0,,0.0,0.0,0.0,999.0,/players/trevor-richards/19309/stats/pitching,P,4,4,AL,Trevor Richards,670950,19309,19309
HOU,Astros,0.0,0.0,0.0,1.0,0.0,0.0462,,0.379733,1.64294,0.36725,0.21,0.2,0.0532815,0.351318,0.149111,0.00482682,0.022383,4.74017,1.3598,8.32653,3.53407,2.35608,1.26282,0.213835,0.090759,0.12307610362768173,,0.249585,0.294296,0.69349,4.43088,0.0,,0.0,,0.0,0.0,0.0,999.0,/players/logan-vanwey/31884/stats/pitching,P,21,21,AL,Logan VanWey,701121,31884,31884
PIT,Pirates,0.0,0.0,0.0,1.0,0.0,0.004,,0.409269,1.78016,0.383337,0.22,0.21,0.0492551,0.349259,0.179155,0.0101909,0.0249516,4.61799,1.37438,7.68036,3.9397,1.94948,1.08314,0.196195,0.10064,0.09555542469024658,,0.243226,0.283712,0.693957,4.45622,0.0,,0.0,,0.0,0.0,0.0,999.0,/players/antwone-kelly/29000/stats/pitching,P,27,27,NL,Antwone Kelly,699008,29000,29000
CIN,Reds,0.0,0.0,0.0,1.0,0.0,0.0043,,0.345212,1.51235,0.310382,0.18,0.17,0.0366245,0.309292,0.180975,0.00911038,0.0244402,4.43206,1.42335,8.06354,4.7182,1.70903,0.954836,0.204511,0.119665,0.08484608680009842,,0.237488,0.284862,0.707497,4.47473,0.0,,0.0,,0.0,0.0,0.0,999.0,/players/zach-mccambley/27666/stats/pitching,P,18,18,NL,Zach McCambley,685112,27666,27666
MIL,Brewers,0.0,0.0,0.0,1.0,0.012,0.0746,,0.36165,1.58644,0.389237,0.21,0.2,0.0428032,0.252125,0.128466,0.00489808,0.0196366,4.97719,1.4315,6.27436,3.19701,1.96257,1.0652,0.158925,0.0809778,0.07794690132141113,,0.270616,0.302983,0.672166,4.47517,0.0,,0.0,,0.0,0.0,0.0,999.0,/players/antonio-senzatela/15488/stats/pitching,P,23,23,NL,Antonio Senzatela,622608,15488,15488
SDP,Padres,0.0,0.0,0.0,1.0,0.0,0.0043,,0.436121,1.86388,0.369518,0.21,0.2,0.0537376,0.394477,0.209735,0.0123541,0.021731,4.1273,1.32819,8.1406,4.32818,1.88084,1.10895,0.211643,0.112526,0.09911689907312393,,0.226363,0.266662,0.732615,4.48731,0.0,,0.0,,0.0,0.0,0.0,999.0,/players/griffin-canning/19867/stats/pitching,P,29,29,NL,Griffin Canning,656288,19867,19867
MIN,Twins,0.0,0.0,0.0,1.0,0.0,0.0044,,0.436121,1.89106,0.403158,0.24,0.23,0.0563999,0.391232,0.191893,0.018351,0.0259891,4.74639,1.36442,8.07366,3.95999,2.03881,1.16389,0.206885,0.101474,0.10541166365146637,,0.240953,0.282942,0.687961,4.4881,0.0,,0.0,,0.0,0.0,0.0,999.0,/players/garrett-acton/27583/stats/pitching,P,8,8,AL,Garrett Acton,670183,27583,27583
SDP,Padres,0.0,0.0,0.0,1.0,0.0,0.0467,,0.436121,1.86612,0.397182,0.21,0.2,0.0407126,0.283652,0.184177,0.00844649,0.0303771,4.1273,1.33302,5.85357,3.80076,1.5401,0.840164,0.152001,0.0986952,0.0533057302236557,,0.240488,0.268587,0.708212,4.49095,0.0,,0.0,,0.0,0.0,0.0,999.0,/players/wandy-peralta/14295/stats/pitching,P,29,29,NL,Wandy Peralta,593974,14295,14295
LAA,Angels,0.0,0.0,0.0,1.0,0.0,0.0468,,0.390666,1.64712,0.347152,0.2,0.19,0.0633549,0.375706,0.138541,0.0108257,0.0187195,4.37714,1.24324,8.65535,3.19166,2.71187,1.45954,0.228098,0.0841112,0.14398713409900665,,0.23301,0.270077,0.719637,4.49475,0.0,,0.0,,0.0,0.0,0.0,999.0,/players/blake-weiman/20257/stats/pitching,P,1,1,AL,Blake Weiman,676620,20257,20257
WSN,Nationals,0.0,0.0,0.0,1.0,0.0,0.0265,,0.45235,1.97938,0.454594,0.25,0.23,0.0604628,0.396589,0.191901,0.0153384,0.0205917,4.5761,1.42919,7.89057,3.81807,2.06664,1.20297,0.20036,0.0969497,0.10341000556945801,,0.257285,0.300901,0.705699,4.49572,0.0,,0.0,,0.0,0.0,0.0,999.0,/players/brad-lord/31972/stats/pitching,P,24,24,NL,Brad Lord,695418,31972,31972
LAA,Angels,0.0,0.0,0.0,1.0,0.0,0.0782,,0.390666,1.70576,0.327054,0.2,0.19,0.0511582,0.425349,0.221501,0.0117662,0.0219004,4.37714,1.40415,9.79902,5.10284,1.92031,1.17856,0.249361,0.129855,0.1195063591003418,,0.223649,0.279856,0.730825,4.49623,0.0,,0.0,,0.0,0.0,0.0,999.0,/players/mitch-farris/33628/stats/pitching,P,1,1,AL,Mitch Farris,815083,33628,33628
NYM,Mets,0.0,0.0,0.0,1.0,0.0,0.0043,,0.477481,2.04365,0.474135,0.27,0.25,0.0689313,0.382678,0.162739,0.0126,0.017814,4.71223,1.33382,7.21307,3.06746,2.35148,1.29928,0.187252,0.0796315,0.10762041807174683,,0.254487,0.287075,0.678931,4.51054,0.0,,0.0,,0.0,0.0,0.0,999.0,/players/tobias-myers/22191/stats/pitching,P,25,25,NL,Tobias Myers,668964,22191,22191
CLE,Guardians,0.0,0.0,0.0,1.0,0.0,0.0767,,0.36165,1.56022,0.355907,0.21,0.2,0.0478242,0.282944,0.125471,0.00685631,0.0258236,4.97719,1.33106,7.04133,3.12247,2.25505,1.19015,0.181348,0.0804188,0.1009296253323555,,0.252608,0.285749,0.654832,4.5117,0.0,,0.0,,0.0,0.0,0.0,999.0,/players/matt-festa/19330/stats/pitching,P,5,5,AL,Matt Festa,670036,19330,19330
PHI,Phillies,0.0,0.0,0.0,1.0,0.0,0.0268,,0.266412,1.15259,0.262144,0.15,0.14,0.031049,0.198627,0.106738,0.00310679,0.0163131,4.72952,1.38463,6.71006,3.60584,1.86089,1.0489,0.17233,0.0926065,0.0797237977385521,,0.254622,0.288917,0.672627,4.5119,0.0,,0.0,,0.0,0.0,0.0,999.0,/players/chase-shugart/21544/stats/pitching,P,26,26,NL,Chase Shugart,663767,21544,21544
TOR,Blue Jays,0.0,0.0,0.0,1.0,0.0,0.0472,,0.379733,1.58762,0.31077,0.2,0.19,0.0739506,0.441836,0.132413,0.0049649,0.0211013,4.50316,1.16709,10.4719,3.13831,3.3368,1.75269,0.278301,0.0834037,0.1948976367712021,,0.2167,0.257885,0.715977,4.51968,0.0,,0.0,,0.0,0.0,0.0,389.9100036621094,/players/paul-sewald/13892/stats/pitching,P,14,14,AL,Paul Sewald,623149,13892,13892
LAA,Angels,0.0,0.0,0.0,1.0,0.0,0.0289,,0.390666,1.67526,0.325917,0.2,0.19,0.0530566,0.382576,0.182997,0.010779,0.0269267,4.37714,1.30268,8.81362,4.2158,2.09062,1.2223,0.228368,0.109235,0.11913307756185532,,0.222418,0.264989,0.710744,4.5213,0.0,,0.0,,0.0,0.0,0.0,999.0,/players/trevor-martin/31878/stats/pitching,P,1,1,AL,Trevor Martin,694680,31878,31878
SDP,Padres,0.0,0.0,0.0,1.0,0.0,0.0043,,0.436121,1.86371,0.404648,0.22,0.21,0.0492631,0.300164,0.174711,0.0166392,0.0196081,4.33366,1.32844,6.19433,3.60541,1.71807,1.01662,0.161058,0.0937435,0.06731410324573517,,0.242393,0.269239,0.704086,4.53091,0.0,,0.0,,0.0,0.0,0.0,999.0,/players/jhony-brito/25386/stats/pitching,P,29,29,NL,Jhony Brito,666745,25386,25386
SDP,Padres,0.0,0.0,0.0,1.0,0.0,0.0863,,0.436121,1.84833,0.355743,0.21,0.2,0.0579287,0.391465,0.205842,0.0118179,0.0118325,4.1273,1.28768,8.07846,4.24785,1.90177,1.19544,0.211794,0.111366,0.10042744874954224,,0.21816,0.252116,0.73173,4.53118,0.0,,0.0,,0.0,0.0,0.0,999.0,/players/yuki-matsui/33826/stats/pitching,P,29,29,NL,Yuki Matsui,673513,33826,33826
WSN,Nationals,0.0,0.0,0.0,1.0,0.0,0.0041,,0.45235,2.02021,0.406136,0.25,0.23,0.0575275,0.493416,0.283923,0.0241444,0.0123272,4.5761,1.5255,9.81704,5.64897,1.73785,1.14457,0.24424,0.140542,0.10369832813739777,,0.235583,0.29719,0.721976,4.53875,0.0,,0.0,,0.0,0.0,0.0,999.0,/players/riley-cornelio/31953/stats/pitching,P,24,24,NL,Riley Cornelio,683000,31953,31953
CLE,Guardians,0.0,0.0,0.0,1.0,0.0,0.0883,,0.36165,1.55774,0.332834,0.2,0.19,0.0474485,0.319772,0.158919,0.00689769,0.0219905,4.72833,1.35975,7.95783,3.95484,2.01217,1.1808,0.205279,0.102019,0.10326042771339417,,0.241739,0.282668,0.685953,4.54019,0.0,,0.0,,0.0,0.0,0.0,999.0,/players/craig-yoho/33248/stats/pitching,P,5,5,AL,Craig Yoho,684974,33248,33248
COL,Rockies,0.0,0.0,0.0,1.0,0.018,0.0699,,0.456888,1.99736,0.437386,0.26,0.24,0.0621189,0.431376,0.185747,0.00847417,0.0550858,4.72764,1.36386,8.49746,3.65894,2.32238,1.22365,0.215973,0.0929963,0.1229766234755516,,0.249006,0.297115,0.677276,4.56281,0.0,,0.0,,0.0,0.0,0.0,999.0,/players/brennan-bernardino/16835/stats/pitching,P,19,19,NL,Brennan Bernardino,657514,16835,16835
WSN,Nationals,0.0,0.0,0.0,1.0,0.0,0.0431,,0.45235,1.97582,0.444866,0.26,0.24,0.0595329,0.394873,0.186531,0.00722914,0.0404868,4.77506,1.39582,7.85643,3.71124,2.11693,1.18447,0.199853,0.094407,0.1054459884762764,,0.254384,0.297694,0.677669,4.57292,0.0,,0.0,,0.0,0.0,0.0,999.0,/players/richard-lovelady/19337/stats/pitching,P,24,24,NL,Richard Lovelady,663992,19337,19337
KCR,Royals,0.0,0.0,0.0,1.0,0.087,0.056,,0.379733,1.65819,0.357787,0.21,0.2,0.0440319,0.298259,0.170026,0.0075162,0.0254799,4.74017,1.38996,7.06899,4.02976,1.7542,1.04359,0.17987,0.102537,0.0773329958319664,,0.244609,0.280039,0.681756,4.58337,0.0,,0.0,,0.0,0.0,0.0,999.0,/players/nate-pearson/20160/stats/pitching,P,7,7,AL,Nate Pearson,663878,20160,20160
SDP,Padres,0.0,0.0,0.0,1.0,0.0,0.0288,,0.436121,1.88295,0.402633,0.23,0.22,0.0553314,0.361687,0.188595,0.01244,0.0289195,4.54002,1.35565,7.46394,3.89193,1.9178,1.14185,0.192085,0.100159,0.09192599356174469,,0.241758,0.278194,0.703101,4.58922,0.0,,0.0,,0.0,0.0,0.0,999.0,/players/hunter-stratton/23455/stats/pitching,P,29,29,NL,Hunter Stratton,676702,23455,23455
COL,Rockies,0.0,0.0,0.0,1.0,0.012,0.076,,0.456888,1.98893,0.433111,0.26,0.24,0.069915,0.449489,0.17974,0.00911967,0.044839,4.72764,1.34136,8.85425,3.5406,2.50077,1.37722,0.225996,0.0903703,0.13562531769275665,,0.245479,0.291737,0.685187,4.59863,0.0,,0.0,,0.0,0.0,0.0,999.0,/players/jimmy-herget/17556/stats/pitching,P,19,19,NL,Jimmy Herget,623474,17556,17556
ATL,Braves,0.0,0.0,0.0,1.0,0.0,0.0044,,0.429733,1.84425,0.410384,0.24,0.22,0.0692378,0.385866,0.150576,0.00899095,0.0220371,4.60751,1.30537,8.08128,3.15355,2.5626,1.45006,0.209227,0.0816463,0.12758056074380875,,0.245499,0.280426,0.691684,4.60602,0.0,,0.0,,0.0,0.0,0.0,999.0,/players/elieser-hernandez/16933/stats/pitching,P,16,16,NL,Elieser Hernández,622694,16933,16933
KCR,Royals,0.0,0.0,0.0,1.0,0.0,0.0655,,0.379733,1.706,0.364357,0.23,0.22,0.0371709,0.328226,0.218818,0.00503898,0.0293417,5.21419,1.53575,7.77923,5.18618,1.49999,0.880982,0.192395,0.128264,0.06413097679615021,,0.249929,0.299499,0.664943,4.60664,0.0,,0.0,,0.0,0.0,0.0,999.0,/players/alex-lange/19883/stats/pitching,P,7,7,AL,Alex Lange,656638,19883,19883
LAA,Angels,0.0,0.0,0.0,1.0,0.0,0.0043,,0.390666,1.69624,0.31338,0.19,0.18,0.047237,0.392869,0.228028,0.017591,0.0253877,4.14676,1.38586,9.05075,5.25322,1.72289,1.08823,0.231612,0.134432,0.09717987477779388,,0.217199,0.265422,0.739377,4.60894,0.0,,0.0,,0.0,0.0,0.0,999.0,/players/caden-dana/31508/stats/pitching,P,1,1,AL,Caden Dana,702674,31508,31508
HOU,Astros,0.0,0.0,0.0,1.0,0.0,0.0044,,0.379733,1.68192,0.386494,0.23,0.22,0.0473417,0.324763,0.179449,0.00304958,0.0231039,5.21419,1.49037,7.69717,4.25309,1.80978,1.12204,0.193091,0.106693,0.08639795333147049,,0.261256,0.306298,0.672337,4.61276,0.0,,0.0,,0.0,0.0,0.0,999.0,/players/alimber-santa/28846/stats/pitching,P,21,21,AL,Alimber Santa,695001,28846,28846
TBR,Rays,0.0,0.0,0.0,1.0,0.007,0.0831,,0.379733,1.64427,0.376603,0.21,0.2,0.0533414,0.306249,0.145431,0.0109944,0.0214097,4.74017,1.37474,7.25837,3.44683,2.10581,1.26424,0.186252,0.0884468,0.0978054627776146,,0.254904,0.289184,0.697507,4.63353,0.0,,0.0,,0.0,0.0,0.0,999.0,/players/casey-legumina/25921/stats/pitching,P,12,12,AL,Casey Legumina,668984,25921,25921
WSN,Nationals,0.0,0.0,0.0,1.0,0.051,0.065,,0.45235,2.00853,0.418204,0.25,0.24,0.0524102,0.418632,0.254822,0.0292113,0.0282518,4.77506,1.48784,8.32914,5.06996,1.64284,1.04276,0.208427,0.12687,0.0815572589635849,,0.242373,0.291605,0.705453,4.63494,0.0,,0.0,,0.0,0.0,0.0,999.0,/players/jack-sinclair/29945/stats/pitching,P,24,24,NL,Jack Sinclair,695378,29945,29945
KCR,Royals,0.0,0.0,0.0,1.0,0.0,0.0451,,0.379733,1.70515,0.367334,0.22,0.21,0.0374079,0.318035,0.212245,0.0100454,0.0333797,4.97718,1.52628,7.53772,5.0304,1.49843,0.8866,0.186514,0.124473,0.0620415136218071,,0.25168,0.298823,0.682044,4.6484,0.0,,0.0,,0.0,0.0,0.0,999.0,/players/jose-cuas/17701/stats/pitching,P,7,7,AL,Jose Cuas,621016,17701,17701
HOU,Astros,0.0,0.0,0.0,1.0,0.0,0.029,,0.379733,1.6636,0.407115,0.23,0.22,0.0600293,0.324103,0.135645,0.00978657,0.0184269,5.21419,1.42932,7.68152,3.21491,2.38934,1.42275,0.19482,0.0815372,0.11328302323818207,,0.269697,0.308412,0.681812,4.66759,0.0,,0.0,,0.0,0.0,0.0,999.0,/players/josh-hendrickson/26163/stats/pitching,P,21,21,AL,Josh Hendrickson,681973,26163,26163
MIN,Twins,0.0,0.0,0.0,1.0,0.074,0.0596,,0.436121,1.93095,0.40051,0.24,0.23,0.0458276,0.359168,0.235334,0.0121307,0.0360702,4.74639,1.45795,7.41195,4.85646,1.5262,0.94572,0.186006,0.121875,0.06413103640079498,,0.241338,0.282717,0.692416,4.68818,0.0,,0.0,,0.0,0.0,0.0,999.0,/players/yoendrys-gomez/22872/stats/pitching,P,8,8,AL,Yoendrys Gómez,672782,22872,22872
COL,Rockies,0.0,0.0,0.0,1.0,0.0,0.0037,,0.456888,2.01698,0.42809,0.27,0.25,0.0753394,0.509535,0.224235,0.0063921,0.0334858,4.92462,1.42776,10.0371,4.41708,2.27233,1.48407,0.252622,0.111173,0.141448974609375,,0.243335,0.30037,0.69914,4.70773,2.0,,2.0,,0.0,0.0,0.0,999.0,/players/hayden-harris/31913/stats/pitching,P,19,19,NL,Hayden Harris,802686,31913,31913
WSN,Nationals,0.0,0.0,0.0,1.0,0.044,0.0811,,0.45235,2.0199,0.425861,0.26,0.24,0.0638632,0.465348,0.249142,0.0224176,0.0285017,4.77506,1.49221,9.2586,4.95695,1.8678,1.27063,0.230382,0.123344,0.1070379838347435,,0.244431,0.298421,0.708686,4.72152,0.0,,0.0,,0.0,0.0,0.0,999.0,/players/yovanny-cruz/22622/stats/pitching,P,24,24,NL,Yovanny Cruz,672442,22622,22622
NYM,Mets,0.0,0.0,0.0,1.0,0.0,0.0278,,0.477481,2.13316,0.441826,0.28,0.26,0.0617332,0.476989,0.282003,0.0157326,0.0271316,4.90072,1.51593,8.99073,5.31546,1.69143,1.1636,0.223607,0.1322,0.09140731394290924,,0.242226,0.295723,0.696309,4.72741,0.0,,0.0,,0.0,0.0,0.0,999.0,/players/chayce-mcdermott/29866/stats/pitching,P,25,25,NL,Chayce McDermott,694646,29866,29866
LAA,Angels,0.0,0.0,0.0,1.0,0.0,0.0043,,0.390666,1.69714,0.353668,0.21,0.2,0.0602504,0.355105,0.181306,0.0215483,0.021753,4.60752,1.36939,8.18077,4.17685,1.9586,1.38802,0.209238,0.106831,0.10240745544433594,,0.236713,0.272005,0.721165,4.8486,0.0,,0.0,,0.0,0.0,0.0,999.0,/players/brett-kerry/29826/stats/pitching,P,1,1,AL,Brett Kerry,695049,29826,29826
WSN,Nationals,0.0,0.0,0.0,1.0,0.007,0.0597,,0.45235,2.03042,0.469601,0.29,0.27,0.0729011,0.440686,0.218532,0.016426,0.0229728,5.37195,1.52124,8.76793,4.34794,2.01657,1.45045,0.217041,0.107629,0.10941250622272491,,0.262506,0.311057,0.679325,4.85063,0.0,,0.0,,0.0,0.0,0.0,999.0,/players/gus-varland/24737/stats/pitching,P,24,24,NL,Gus Varland,681402,24737,24737
KCR,Royals,0.0,0.0,0.0,1.0,0.007,0.0772,,0.379733,1.6871,0.353697,0.22,0.21,0.0517494,0.32557,0.204814,0.0158158,0.0183057,4.97718,1.4708,7.71629,4.85426,1.58959,1.22651,0.192976,0.1214,0.07157626003026962,,0.241599,0.277867,0.696436,4.92189,0.0,,0.0,,0.0,0.0,0.0,999.0,/players/anthony-gose/5097/stats/batting,OF,7,7,AL,Anthony Gose,543238,5097,5097
KCR,Royals,0.0,0.0,0.0,1.0,0.0,0.0283,,0.379733,1.68776,0.339691,0.22,0.21,0.0460772,0.309778,0.214376,0.0062542,0.0263824,4.97718,1.4591,7.34201,5.0809,1.44502,1.09207,0.183543,0.127018,0.05652569234371185,,0.234754,0.269086,0.682384,4.95024,0.0,,0.0,,0.0,0.0,0.0,999.0,/players/craig-kimbrel/6655/stats/pitching,P,7,7,AL,Craig Kimbrel,518886,6655,6655
COL,Rockies,0.0,0.0,0.0,1.0,0.0,0.0547,,0.456888,2.00961,0.455704,0.27,0.25,0.0674779,0.357449,0.198376,0.00856244,0.0293634,4.92462,1.4316,7.04121,3.90771,1.80188,1.32921,0.17787,0.0987137,0.07915633916854858,,0.255745,0.286103,0.686334,4.95293,0.0,,0.0,,0.0,0.0,0.0,743.47998046875,/players/zach-agnos/31552/stats/pitching,P,19,19,NL,Zach Agnos,688642,31552,31552
ATH,Athletics,0.0,0.0,0.0,1.0,0.02,0.0896,,0.429733,1.97774,0.422397,0.28,0.26,0.0640424,0.45052,0.27485,0.031998,0.0355723,5.44524,1.62251,9.43534,5.75625,1.63915,1.34126,0.227796,0.138972,0.08882351219654083,,0.25334,0.310869,0.686727,5.11001,0.0,,0.0,,0.0,0.0,0.0,999.0,/players/luis-medina/21649/stats/pitching,P,10,10,AL,Luis Medina,665622,21649,21649
ATH,Athletics,0.0,0.0,0.0,1.0,0.013,0.075,,0.429733,1.93936,0.470784,0.29,0.27,0.0770083,0.376299,0.203704,0.0304149,0.014967,5.65467,1.56955,7.88092,4.26622,1.84728,1.6128,0.194033,0.105037,0.08899588882923126,,0.273602,0.3107,0.678496,5.20715,0.0,,0.0,,0.0,0.0,0.0,999.0,/players/scott-blewett/16427/stats/pitching,P,10,10,AL,Scott Blewett,656240,16427,16427
ATH,Athletics,0.0,0.0,0.0,1.0,0.053,0.0644,,0.429733,1.95758,0.421292,0.28,0.26,0.0722625,0.43734,0.24377,0.02851,0.0389452,5.44524,1.54762,9.15932,5.10534,1.79407,1.51341,0.223409,0.124527,0.09888245165348053,,0.251538,0.29953,0.682862,5.22659,0.0,,0.0,,0.0,0.0,0.0,748.52001953125,/players/elvis-alvarado/21662/stats/pitching,P,10,10,AL,Elvis Alvarado,665660,21662,21662
ATH,Athletics,0.0,0.0,0.0,1.0,0.007,0.0724,,0.429733,1.95822,0.444972,0.28,0.26,0.0707826,0.377622,0.23958,0.0281574,0.0259368,5.44524,1.59297,7.90864,5.01758,1.57619,1.48242,0.19284,0.122346,0.07049382477998734,,0.262877,0.300723,0.691003,5.33968,0.0,,0.0,,0.0,0.0,0.0,999.0,/players/geoff-hartlieb/19558/stats/pitching,P,10,10,AL,Geoff Hartlieb,664129,19558,19558
WSN,Nationals,0.0,0.0,0.0,1.0,0.029,0.0704,,0.45235,2.01017,0.430386,0.28,0.26,0.078703,0.393736,0.237041,0.0172538,0.0227492,5.17299,1.47547,7.83382,4.71619,1.66105,1.56588,0.195872,0.117921,0.0779511034488678,,0.245881,0.275195,0.695257,5.34622,0.0,,0.0,,0.0,0.0,0.0,999.0,/players/josiah-gray/24580/stats/pitching,P,24,24,NL,Josiah Gray,680686,24580,24580
ATH,Athletics,0.0,0.0,0.0,1.0,0.0,0.0271,,0.429733,1.94674,0.430307,0.29,0.27,0.0800936,0.410333,0.243446,0.0350687,0.0180019,5.65467,1.56784,8.5937,5.09855,1.68552,1.67742,0.21078,0.125053,0.08572657406330109,,0.255331,0.293099,0.683294,5.44071,0.0,,0.0,,0.0,0.0,0.0,999.0,/players/seth-johnson/26020/stats/pitching,P,10,10,AL,Seth Johnson,686751,26020,26020
ATH,Athletics,0.0,0.0,0.0,1.0,0.0,0.0604,,0.429733,1.9968,0.485908,0.3,0.28,0.0592073,0.30127,0.252313,0.0303193,0.0272089,5.86411,1.71786,6.30956,5.28425,1.19403,1.23999,0.150876,0.126359,0.02451762557029724,,0.282953,0.31449,0.668702,5.44264,0.0,,0.0,,0.0,0.0,0.0,999.0,/players/chris-roycroft/31261/stats/pitching,P,10,10,AL,Chris Roycroft,688297,31261,31261
ATH,Athletics,0.0,0.0,0.0,1.0,0.128,0.042,,0.429733,1.96787,0.453692,0.3,0.28,0.0751608,0.383664,0.229816,0.0102533,0.0388773,5.86411,1.59054,8.03517,4.81308,1.66944,1.57411,0.194964,0.116784,0.0781802237033844,,0.267007,0.30518,0.663184,5.46619,0.0,,0.0,,0.0,0.0,0.0,618.1699829101562,/players/hogan-harris/21520/stats/pitching,P,10,10,AL,Hogan Harris,663687,21520,21520
ATH,Athletics,0.0,0.0,0.0,1.0,0.0,0.0423,,0.429733,1.96694,0.428153,0.29,0.27,0.0782919,0.419801,0.256718,0.0298509,0.0338829,5.65467,1.59371,8.79198,5.3765,1.63526,1.63969,0.213428,0.130516,0.08291207253932953,,0.25541,0.296934,0.686419,5.54566,0.0,,0.0,,0.0,0.0,0.0,999.0,/players/yunior-tur/33026/stats/pitching,P,10,10,AL,Yunior Tur,814305,33026,33026
SDP,Padres,0.0,0.0,0.0,1.0,0.0,0.0043,,0.872242,3.79857,0.841254,0.49,0.46,0.114881,0.601978,0.382769,0.0268814,0.0384083,4.74639,1.40331,6.21135,3.94951,1.57269,1.18537,0.158475,0.100767,0.05770823359489441,,0.249084,0.273018,0.690397,4.8828,6.800000000000001,6.800000000000001,7.0,7.0,-0.000596689,0.0560281,0.0,721.1699829101562,/players/randy-vasquez/24719/stats/pitching,P,29,29,NL,Randy Vásquez,681190,24719,24719
MIA,Marlins,0.0,0.0,0.0,1.0,0.0,0.0041,,0.599746,2.64759,0.587667,0.34,0.32,0.0792747,0.47066,0.287242,0.0221677,0.0238314,4.80203,1.4588,7.06289,4.31046,1.63855,1.18962,0.177769,0.108492,0.06927744299173355,,0.251514,0.284562,0.700212,4.80714,4.800000000000001,4.800000000000001,5.0,5.0,-0.00126186,0.0560281,0.0,999.0,/players/bradley-blalock/26419/stats/pitching,P,20,20,NL,Bradley Blalock,687134,26419,26419
SFG,Giants,0.0,0.0,0.0,1.0,0.007,0.0734,,0.529733,2.36559,0.589171,0.32,0.3,0.0546238,0.339105,0.219423,0.0299991,0.0265557,5.09691,1.52642,5.76129,3.72792,1.54544,0.928041,0.143349,0.0927561,0.05059321969747543,,0.277962,0.309724,0.667368,4.55555,4.800000000000001,4.800000000000001,5.0,5.0,-0.00154559,0.0560281,0.0,999.0,/players/jason-foley/19531/stats/pitching,P,30,30,NL,Jason Foley,671345,19531,19531
MIA,Marlins,0.0,0.0,0.0,1.0,0.0,0.0041,,0.599746,2.63503,0.531808,0.33,0.31,0.0798948,0.497452,0.32671,0.0210671,0.0284202,4.65197,1.43147,7.46494,4.90273,1.52261,1.19893,0.188784,0.123987,0.06479668617248535,,0.233259,0.265433,0.707838,4.95161,4.800000000000001,4.800000000000001,5.0,5.0,-0.00190612,0.0560281,0.0,999.0,/players/zach-brzykcy/27783/stats/pitching,P,20,20,NL,Zach Brzykcy,694350,27783,27783
SFG,Giants,0.0,0.0,0.0,1.0,0.0,0.0042,,0.529733,2.37598,0.556701,0.32,0.3,0.0667992,0.392635,0.25205,0.0342465,0.0236281,5.09691,1.52671,6.67075,4.28225,1.55777,1.1349,0.165252,0.106083,0.05916954576969147,,0.265058,0.298564,0.683346,4.82043,4.800000000000001,4.800000000000001,5.0,5.0,-0.00227376,0.0560281,0.0,999.0,/players/tristan-beck/21584/stats/pitching,P,30,30,NL,Tristan Beck,663941,21584,21584
SFG,Giants,0.0,0.0,0.0,1.0,0.0,0.0291,,0.529733,2.394,0.494731,0.31,0.29,0.0627759,0.472066,0.318678,0.0468175,0.0401802,4.92701,1.53551,8.02025,5.41424,1.48133,1.06654,0.197187,0.133115,0.06407183408737183,,0.243094,0.287912,0.693857,4.89288,7.4,7.4,5.0,5.0,-0.0030357,0.0560281,0.0,999.0,/players/braxton-roxby/27793/stats/pitching,P,30,30,NL,Braxton Roxby,694820,27793,27793
SFG,Giants,0.0,0.0,0.0,1.0,0.034,0.085,,0.529733,2.40508,0.517017,0.32,0.3,0.0670075,0.455517,0.305689,0.0388562,0.0385515,5.09691,1.55306,7.73909,5.19356,1.49013,1.13844,0.189398,0.127101,0.062296509742736816,,0.250877,0.292534,0.689682,4.97642,4.800000000000001,4.800000000000001,5.0,5.0,-0.00368292,0.0560281,0.0,999.0,/players/dylan-smith/30145/stats/pitching,P,30,30,NL,Dylan Smith,681916,30145,30145
SFG,Giants,0.0,0.0,0.0,1.0,0.021,0.075,,0.529733,2.38714,0.598533,0.33,0.31,0.0636124,0.337428,0.230089,0.0312432,0.0306975,5.2668,1.56422,5.73279,3.90914,1.46651,1.08076,0.141352,0.0963867,0.044965311884880066,,0.281483,0.310042,0.67421,4.86633,4.800000000000001,4.800000000000001,5.0,5.0,-0.00400199,0.0560281,0.0,999.0,/players/joel-kuhnel/19995/stats/pitching,P,30,30,NL,Joel Kuhnel,669270,19995,19995
SFG,Giants,0.0,0.0,0.0,1.0,0.0,0.0042,,1.05947,4.818,1.07597,0.67,0.63,0.158813,0.89857,0.590051,0.105854,0.0578672,5.35175,1.57251,7.63321,5.01239,1.52287,1.34909,0.186503,0.122468,0.06403458118438721,,0.258022,0.294651,0.689918,5.18938,3.8000000000000003,3.8000000000000003,4.0,4.0,-0.00605504,-0.0459994,0.0,999.0,/players/duncan-davitt/31886/stats/pitching,P,30,30,NL,Duncan Davitt,701474,31886,31886
ATH,Athletics,0.0,0.0,0.0,1.0,0.0,0.0041,,0.859466,3.94256,0.885388,0.56,0.53,0.128724,0.756189,0.531574,0.0817429,0.0417949,5.54996,1.64865,7.91852,5.56644,1.42255,1.34795,0.191802,0.13483,0.05697207152843475,,0.26279,0.304581,0.692915,5.29103,3.8000000000000003,3.8000000000000003,4.0,4.0,-0.00627345,-0.0459994,0.0,999.0,/players/mason-barnett/31741/stats/pitching,P,10,10,AL,Mason Barnett,686930,31741,31741
SFG,Giants,0.0,0.0,0.0,1.0,0.0,0.0453,,0.529733,2.44196,0.549373,0.33,0.31,0.0585196,0.429472,0.347044,0.0447277,0.0282016,5.2668,1.69221,7.29659,5.89618,1.23751,0.994231,0.175872,0.142117,0.03375460207462311,,0.26582,0.310918,0.695426,5.04205,4.800000000000001,4.800000000000001,5.0,5.0,-0.00637744,0.0560281,0.0,999.0,/players/carson-seymour/30084/stats/pitching,P,30,30,NL,Carson Seymour,693313,30084,30084
SFG,Giants,0.0,0.0,0.0,1.0,0.0,0.0042,,1.05947,4.92591,1.08418,0.65,0.61,0.0934038,0.732459,0.750863,0.0584384,0.0722212,5.18186,1.73205,6.22212,6.37847,0.975489,0.793451,0.148695,0.152432,-0.0037363171577453613,,0.264253,0.302348,0.695335,5.19636,3.8000000000000003,3.8000000000000003,4.0,4.0,-0.00936818,-0.0459994,0.0,999.0,/players/seth-lonsway/30064/stats/pitching,P,30,30,NL,Seth Lonsway,675920,30064,30064
